seq #,peptide,start,end,peptide length,allele,peptide index,median binding percentile,netmhcpan_ba core,netmhcpan_ba icore,netmhcpan_ba IC50,netmhcpan_ba percentile,ann IC50,ann percentile,smmpmbec IC50,smmpmbec percentile,smm IC50,smm percentile,mhcflurry IC50,mhcflurry percentile
1,CFLIFHFFL,1,9,9,HLA-A*30:02,1,37.0,CFLIFHFFL,CFLIFHFFL,20306.28,37.0,12415.34,14.0,10184.741251371435,41.0,11232.075136749776,44.0,9679.73,21.0
2,EYEPTANLL,1,9,9,HLA-A*30:02,2,37.0,EYEPTANLL,EYEPTANLL,20257.35,37.0,13449.98,16.0,43949.10142521467,82.0,47256.33102045483,83.0,15198.6,32.0
3,FFLFLLYIL,1,9,9,HLA-A*30:02,3,35.0,FFLFLLYIL,FFLFLLYIL,22397.2,44.0,9742.47,9.8,7833.394522872494,33.0,9626.313472665654,39.0,16635.67,35.0
4,FFLKSKFNI,1,9,9,HLA-A*30:02,4,36.0,FFLKSKFNI,FFLKSKFNI,14348.38,21.0,22860.66,36.0,50344.264447485664,84.0,39306.10409804972,79.0,16393.4,35.0
5,HFFLFLLYI,1,9,9,HLA-A*30:02,5,27.0,HFFLFLLYI,HFFLFLLYI,14800.92,22.0,14323.71,17.0,18704.667825225268,60.0,23413.158220818692,66.0,12891.35,27.0
6,IYTIIQDQL,1,9,9,HLA-A*30:02,6,40.0,IYTIIQDQL,IYTIIQDQL,16199.86,25.0,14633.41,17.0,11586.43954661162,45.0,11232.0751367498,44.0,18541.89,40.0
7,KYEALIKLL,1,9,9,HLA-A*30:02,7,17.0,KYEALIKLL,KYEALIKLL,8844.71,9.4,12475.27,14.0,13612.879493768645,50.0,14436.436336748877,52.0,7320.22,17.0
8,LYILFLVKM,1,9,9,HLA-A*30:02,8,42.0,LYILFLVKM,LYILFLVKM,21796.66,42.0,14395.65,17.0,14058.856562445017,51.0,14075.375833896904,51.0,15116.15,32.0
9,LYYLFNQHI,1,9,9,HLA-A*30:02,9,23.0,LYYLFNQHI,LYYLFNQHI,8234.15,8.6,16165.37,20.0,19541.144670821595,61.0,27068.23884746905,70.0,10534.7,23.0
10,NFINFIKVL,1,9,9,HLA-A*30:02,10,41.0,NFINFIKVL,NFINFIKVL,18562.18,32.0,24293.37,41.0,30335.419146694923,73.0,44000.74197886033,82.0,17877.26,38.0
11,NHEQKLSEY,1,9,9,HLA-A*30:02,11,5.4,NHEQKLSEY,NHEQKLSEY,5216.32,5.0,4737.8,5.4,1823.6857306540394,5.7,1391.4256339058252,4.3,4331.91,12.0
12,NVDQQNDMY,1,9,9,HLA-A*30:02,12,4.1,NVDQQNDMY,NVDQQNDMY,4187.61,4.0,3193.19,4.3,1355.033399385087,4.1,1388.2254437521829,4.3,1098.19,3.4
13,QEEQKKYIY,1,9,9,HLA-A*30:02,13,12.0,QEEQKKYIY,QEEQKKYIY,15009.29,22.0,6223.74,6.6,3515.199679666477,15.0,2827.8736422648853,12.0,3620.44,9.0
14,VFLVFSNVL,1,9,9,HLA-A*30:02,14,23.0,VFLVFSNVL,VFLVFSNVL,15252.88,23.0,9888.6,10.0,5320.4700156585695,23.0,5720.842613180652,25.0,18882.55,42.0
15,YYNKSTEKL,1,9,9,HLA-A*30:02,15,27.0,YYNKSTEKL,YYNKSTEKL,13061.62,18.0,19473.99,27.0,25231.902627435233,68.0,24180.20619744674,67.0,4929.87,13.0
16,FMGRIRSVY,1,9,9,HLA-A*30:02,16,0.5,FMGRIRSVY,FMGRIRSVY,48.26,0.06,54.8,0.12,219.7606849381323,1.0,244.60199789104985,1.1,63.35,0.5
17,SSRMYCSFY,1,9,9,HLA-A*30:02,17,0.2,SSRMYCSFY,SSRMYCSFY,10.66,0.01,22.75,0.03,88.09474443467707,0.4,98.96007140774748,0.4,44.73,0.2
18,VMYMGTLSY,1,9,9,HLA-A*30:02,18,0.06,VMYMGTLSY,VMYMGTLSY,10.24,0.01,18.11,0.02,117.47622976459257,0.5,113.36004248394917,0.5,31.45,0.06
19,MMSAPPAEY,1,9,9,HLA-A*30:02,19,0.08,MMSAPPAEY,MMSAPPAEY,14.51,0.02,26.36,0.04,58.60706867484333,0.2,34.39220335319413,0.2,34.32,0.08
20,GTFLCANEY,1,9,9,HLA-A*30:02,20,0.15,GTFLCANEY,GTFLCANEY,38.8,0.05,51.85,0.12,162.53616183065398,0.8,186.8357587237787,0.9,42.32,0.15
21,YMLFTKFFY,1,9,9,HLA-A*30:02,21,0.47,YMLFTKFFY,YMLFTKFFY,16.43,0.02,17.12,0.02,152.73902008197211,0.7,162.352881106647,0.8,56.18,0.47
22,GMKRSFYVY,1,9,9,HLA-A*30:02,22,0.3,GMKRSFYVY,GMKRSFYVY,26.34,0.03,30.15,0.06,80.9002753932543,0.4,78.96961123504211,0.3,49.68,0.35
23,HTLSIHDGY,1,9,9,HLA-A*30:02,23,0.41,HTLSIHDGY,HTLSIHDGY,31.99,0.04,141.9,0.41,204.15028944326116,0.9,204.86133570049225,0.9,50.1,0.36
24,AYSFLPGVY,1,9,9,HLA-A*30:02,24,0.2,AYSFLPGVY,AYSFLPGVY,46.46,0.06,21.77,0.03,63.5257790885517,0.2,57.87086848548051,0.2,79.72,0.55
25,TSNPKTPKY,1,9,9,HLA-A*30:02,25,0.25,TSNPKTPKY,TSNPKTPKY,113.31,0.2,93.25,0.25,74.63628252676807,0.3,78.7879861692437,0.3,40.3,0.13
26,LMNVITLVY,1,9,9,HLA-A*30:02,26,0.25,LMNVITLVY,LMNVITLVY,28.92,0.04,44.05,0.1,112.44755064873905,0.5,135.35054224739991,0.6,46.27,0.25
27,SSLPSYAAY,1,9,9,HLA-A*30:02,27,0.06,SSLPSYAAY,SSLPSYAAY,17.3,0.02,25.87,0.04,79.05876029986374,0.3,71.03297432028751,0.3,33.27,0.06
28,HTSSMRGVY,1,9,9,HLA-A*30:02,28,0.1,HTSSMRGVY,HTSSMRGVY,16.6,0.02,17.31,0.02,30.33541914669504,0.1,31.293922306138743,0.1,48.4,0.3
29,KISNCVADY,1,9,9,HLA-A*30:02,29,0.13,KISNCVADY,KISNCVADY,21.5,0.03,22.15,0.03,36.89351208995029,0.2,37.88436393528531,0.2,41.14,0.13
30,YSNRNRFLY,1,9,9,HLA-A*30:02,30,0.11,YSNRNRFLY,YSNRNRFLY,12.3,0.02,35.49,0.07,82.02571033045359,0.4,100.33674313363008,0.4,36.95,0.11
31,ILNFVAHVY,1,9,9,HLA-A*30:02,31,0.13,ILNFVAHVY,ILNFVAHVY,21.63,0.03,11.11,0.01,38.72130628040028,0.2,46.074433061486225,0.2,39.98,0.13
32,RYWYLNHTV,1,9,9,HLA-A*30:02,32,2.9,RYWYLNHTV,RYWYLNHTV,202.31,0.36,425.15,1.2,1827.8897604424685,5.7,2335.930945119835,8.1,891.49,2.9
33,FYIQMCTEL,1,9,9,HLA-A*30:02,33,24.0,FYIQMCTEL,FYIQMCTEL,14215.34,20.0,18334.04,24.0,21377.159616889272,63.0,20392.008336213985,62.0,9668.81,21.0
34,YYLEKANKI,1,9,9,HLA-A*30:02,34,26.0,YYLEKANKI,YYLEKANKI,15383.65,23.0,18965.16,26.0,31619.136104551577,74.0,23305.584530311324,66.0,8416.84,19.0
35,KNENDQYIY,1,9,9,HLA-A*30:02,35,0.62,KNENDQYIY,KNENDQYIY,399.47,0.62,67.26,0.18,115.06679057798964,0.5,201.5858294703439,0.9,478.97,2.0
36,ALITVSGLY,1,9,9,HLA-A*30:02,36,0.1,ALITVSGLY,ALITVSGLY,17.14,0.02,13.72,0.02,33.338802783850944,0.1,50.63607098311616,0.2,43.23,0.17
37,RTWAYHGSY,1,9,9,HLA-A*30:02,37,0.01,RTWAYHGSY,RTWAYHGSY,7.02,0.01,9.73,0.01,27.79393259864121,0.1,38.76680413199125,0.2,21.89,0.01
38,MTEQQWNFA,1,9,9,HLA-A*30:02,38,22.0,MTEQQWNFA,MTEQQWNFA,1963.83,2.2,12313.14,14.0,5740.503684116892,25.0,5134.048889875217,22.0,19403.71,43.0
39,SAIQGNVTS,1,9,9,HLA-A*30:02,39,40.0,SAIQGNVTS,SAIQGNVTS,11320.3,15.0,27726.19,54.0,9884.39289827226,40.0,5787.086848548042,25.0,20171.42,46.0
40,SIHSLLDEG,1,9,9,HLA-A*30:02,40,14.0,SIHSLLDEG,SIHSLLDEG,7538.09,7.7,29481.03,62.0,3318.562489905939,14.0,3345.4920331392373,14.0,21670.6,52.0
41,LAAAWGGSG,1,9,9,HLA-A*30:02,41,20.0,LAAAWGGSG,LAAAWGGSG,4096.1,3.9,16142.65,20.0,4324.640389063369,18.0,4628.710298169405,20.0,18874.1,42.0
42,AAAWGGSGS,1,9,9,HLA-A*30:02,42,19.0,AAAWGGSGS,AAAWGGSGS,3124.49,3.1,15462.25,19.0,5271.691653358623,23.0,3939.6714025910383,17.0,16806.8,36.0
43,AAWGGSGSE,1,9,9,HLA-A*30:02,43,5.3,AAWGGSGSE,AAWGGSGSE,8774.66,9.3,4537.12,5.3,1169.3647551770794,3.6,1676.7178972111353,5.1,13325.71,28.0
44,AWGGSGSEA,1,9,9,HLA-A*30:02,44,23.0,AWGGSGSEA,AWGGSGSEA,10262.92,13.0,15981.71,20.0,5235.401583277128,23.0,5265.747133369425,23.0,15647.27,33.0
45,WGGSGSEAY,1,9,9,HLA-A*30:02,45,2.5,WGGSGSEAY,WGGSGSEAY,1614.06,1.9,648.2,1.6,770.8147206315018,2.5,936.396970574228,3.0,1530.5,4.3
46,GVQQKWDAT,1,9,9,HLA-A*30:02,46,24.0,GVQQKWDAT,GVQQKWDAT,8638.35,9.1,18170.71,24.0,8471.298790945622,35.0,5488.580015888776,24.0,25306.63,69.0
47,VQQKWDATA,1,9,9,HLA-A*30:02,47,9.1,VQQKWDATA,VQQKWDATA,3375.58,3.3,8996.14,9.1,2678.8598919218807,9.8,2053.3358985223795,6.8,21795.28,52.0
48,QQKWDATAT,1,9,9,HLA-A*30:02,48,25.0,QQKWDATAT,QQKWDATAT,11068.26,14.0,11732.68,13.0,6997.614283528366,30.0,5720.8426131806455,25.0,25466.81,70.0
49,ATATELNNA,1,9,9,HLA-A*30:02,49,7.7,ATATELNNA,ATATELNNA,3149.26,3.1,10854.9,12.0,2223.0539373749752,7.6,2225.666043934321,7.7,15208.63,32.0
50,TATELNNAL,1,9,9,HLA-A*30:02,50,38.0,TATELNNAL,TATELNNAL,17440.85,29.0,23464.36,38.0,26850.353017500933,70.0,25554.065285858287,68.0,11201.14,24.0
51,LQNLARTIS,1,9,9,HLA-A*30:02,51,36.0,LQNLARTIS,LQNLARTIS,6184.81,6.0,23709.6,39.0,8688.60392278462,36.0,8006.818795840839,33.0,25443.19,70.0
52,RTISEAGQA,1,9,9,HLA-A*30:02,52,2.1,RTISEAGQA,RTISEAGQA,619.91,0.86,2310.63,3.5,527.1691653358623,1.9,608.7794725176333,2.1,5300.99,14.0
53,AGQAMASTE,1,9,9,HLA-A*30:02,53,18.0,AGQAMASTE,AGQAMASTE,12340.48,17.0,16316.3,20.0,3466.9693319524536,15.0,4221.4339641688175,18.0,23330.78,59.0
54,AMASTEGNV,1,9,9,HLA-A*30:02,54,2.4,AMASTEGNV,AMASTEGNV,2280.05,2.4,664.34,1.6,719.3661531469776,2.4,597.6679948969781,2.1,11603.08,25.0
55,PAVYLLDGL,1,9,9,HLA-A*30:02,55,85.0,PAVYLLDGL,PAVYLLDGL,24988.09,53.0,30948.27,68.0,76374.78487952829,92.0,51340.48889875217,85.0,28177.83,86.0
56,AVYLLDGLR,1,9,9,HLA-A*30:02,56,12.0,AVYLLDGLR,AVYLLDGLR,7718.59,8.0,10795.4,12.0,6323.3904646220735,27.0,6568.40616433705,28.0,3217.25,8.1
57,RAQDDYNGW,1,9,9,HLA-A*30:02,57,9.8,RAQDDYNGW,RAQDDYNGW,8995.46,9.6,8992.55,9.1,14091.265573924502,51.0,13380.119740216169,50.0,4029.37,9.8
58,INTPAFEWY,1,9,9,HLA-A*30:02,58,3.1,INTPAFEWY,INTPAFEWY,748.12,1.0,1922.08,3.2,952.6864756257472,3.1,1508.2036934495386,4.6,443.96,1.9
59,NTPAFEWYY,1,9,9,HLA-A*30:02,59,1.6,NTPAFEWYY,NTPAFEWYY,263.37,0.44,608.2,1.6,422.6199555441536,1.6,607.3793185847037,2.1,155.86,0.99
60,YQSGLSIVM,1,9,9,HLA-A*30:02,60,18.0,YQSGLSIVM,YQSGLSIVM,3746.03,3.6,12770.81,15.0,9504.953575346924,38.0,8579.46091328279,36.0,7544.62,18.0
61,GQSSFYSDW,1,9,9,HLA-A*30:02,61,27.0,GQSSFYSDW,GQSSFYSDW,2959.28,3.0,12101.29,14.0,8809.474443467698,36.0,8619.061905560187,36.0,12658.13,27.0
62,QSSFYSDWY,1,9,9,HLA-A*30:02,62,0.9,QSSFYSDWY,QSSFYSDWY,142.02,0.24,110.54,0.32,209.3871376122628,1.0,177.60696786923268,0.9,289.2,1.7
63,CGKAGCQTY,1,9,9,HLA-A*30:02,63,1.5,CGKAGCQTY,CGKAGCQTY,285.92,0.47,573.26,1.5,564.871937783374,2.0,438.9954308054855,1.6,216.11,1.5
64,QWLSANRAV,1,9,9,HLA-A*30:02,64,39.0,QWLSANRAV,QWLSANRAV,6830.07,6.8,10226.68,12.0,10788.225110482004,42.0,9648.50441703267,39.0,21235.57,50.0
65,LSMAGSSAM,1,9,9,HLA-A*30:02,65,7.5,LSMAGSSAM,LSMAGSSAM,685.65,0.92,2172.36,3.4,2477.136850296508,8.9,3107.8496460264264,13.0,2932.44,7.5
66,SSAMILAAY,1,9,9,HLA-A*30:02,66,0.13,SSAMILAAY,SSAMILAAY,14.53,0.02,12.54,0.02,38.810568110063855,0.2,37.02201052979681,0.2,40.88,0.13
67,SAMILAAYH,1,9,9,HLA-A*30:02,67,6.4,SAMILAAYH,SAMILAAYH,774.81,1.2,1924.66,3.2,1976.7420461723432,6.4,2155.0631457741824,7.3,4136.4,10.0
68,AYHPQQFIY,1,9,9,HLA-A*30:02,68,0.35,AYHPQQFIY,AYHPQQFIY,80.77,0.13,172.48,0.5,73.27401684531287,0.3,115.7337432466438,0.5,49.6,0.35
69,IYAGSLSAL,1,9,9,HLA-A*30:02,69,12.0,IYAGSLSAL,IYAGSLSAL,5704.41,5.5,3395.98,4.4,3388.0514750962407,14.0,2887.0878563244733,12.0,5598.64,14.0
70,AMGDAGGYK,1,9,9,HLA-A*30:02,70,8.1,AMGDAGGYK,AMGDAGGYK,2364.26,2.5,7933.91,8.1,7655.084694182397,32.0,5827.2010181988235,25.0,1477.49,4.2
71,KAADMWGPS,1,9,9,HLA-A*30:02,71,6.0,KAADMWGPS,KAADMWGPS,764.9,1.2,11261.54,13.0,1892.1257670754055,6.0,1209.093816158773,3.8,13482.15,28.0
72,KLVANNTRL,1,9,9,HLA-A*30:02,72,9.5,KLVANNTRL,KLVANNTRL,6884.83,6.9,9375.15,9.5,6094.667257509819,26.0,6736.898434853917,29.0,2196.45,5.8
73,VANNTRLWV,1,9,9,HLA-A*30:02,73,22.0,VANNTRLWV,VANNTRLWV,3850.41,3.7,11933.04,14.0,7412.248997181234,31.0,5413.273874916515,23.0,10043.28,22.0
74,ANNTRLWVY,1,9,9,HLA-A*30:02,74,0.6,ANNTRLWVY,ANNTRLWVY,116.19,0.2,207.06,0.58,129.10706250580375,0.6,175.5739177197652,0.8,107.33,0.79
75,FVRSSNLKF,1,9,9,HLA-A*30:02,75,23.0,FVRSSNLKF,FVRSSNLKF,3510.38,3.4,17473.71,23.0,19721.956656268696,61.0,22001.8905540414,64.0,323.51,1.7
76,RSSNLKFQD,1,9,9,HLA-A*30:02,76,15.0,RSSNLKFQD,RSSNLKFQD,11329.24,15.0,13192.86,15.0,1573.8016634231733,4.8,1872.6645962910213,5.9,25219.56,68.0
77,SNLKFQDAY,1,9,9,HLA-A*30:02,77,1.4,SNLKFQDAY,SNLKFQDAY,439.6,0.66,642.23,1.6,356.41009783517706,1.4,512.224090509661,1.8,194.55,1.4
78,NLKFQDAYN,1,9,9,HLA-A*30:02,78,29.0,NLKFQDAYN,NLKFQDAYN,16250.06,25.0,20084.94,29.0,6917.513255197575,29.0,8403.496044765872,35.0,25792.05,72.0
79,KFQDAYNAA,1,9,9,HLA-A*30:02,79,18.0,KFQDAYNAA,KFQDAYNAA,3544.31,3.4,7138.03,7.4,4841.166283889652,21.0,4280.159960406292,18.0,9486.91,21.0
80,AVFNFPPNG,1,9,9,HLA-A*30:02,80,12.0,AVFNFPPNG,AVFNFPPNG,4468.87,4.3,14228.1,17.0,2108.3853991201827,7.1,2782.659069677833,12.0,9835.48,22.0
81,VFNFPPNGT,1,9,9,HLA-A*30:02,81,13.0,VFNFPPNGT,VFNFPPNGT,13747.33,19.0,11340.16,13.0,3075.7426863928554,13.0,1983.6269496288865,6.4,17324.06,37.0
82,NGTHSWEYW,1,9,9,HLA-A*30:02,82,65.0,NGTHSWEYW,NGTHSWEYW,16483.63,26.0,30332.66,65.0,182368.5730654045,99.0,325431.80874041474,100.0,20912.11,49.0
83,GTHSWEYWG,1,9,9,HLA-A*30:02,83,16.0,GTHSWEYWG,GTHSWEYWG,12056.72,16.0,22872.29,36.0,1729.6172182106786,5.3,2873.822892555186,12.0,19825.99,44.0
84,MKGDLQSSL,1,9,9,HLA-A*30:02,84,60.0,MKGDLQSSL,MKGDLQSSL,19480.93,34.0,20071.46,29.0,20321.23040657045,62.0,18943.490303279086,60.0,25339.68,69.0
85,SQIMYNYPT,1,9,9,HLA-A*30:02,85,4.1,SQIMYNYPT,SQIMYNYPT,4314.27,4.1,7840.12,8.0,1258.7804809928948,3.9,869.8813103460226,2.8,21030.22,49.0
86,MYNYPAMLD,1,9,9,HLA-A*30:02,86,12.0,MYNYPAMLD,MYNYPAMLD,7390.06,7.5,11108.09,13.0,2792.222356252837,12.0,2700.5983625684053,9.9,24101.56,63.0
87,TMLGHAGDM,1,9,9,HLA-A*30:02,87,4.6,TMLGHAGDM,TMLGHAGDM,2112.87,2.3,1246.98,2.4,1745.621169287054,5.4,1515.1652453956065,4.6,7403.44,18.0
88,AMLDHAGDM,1,9,9,HLA-A*30:02,88,3.9,AMLDHAGDM,AMLDHAGDM,1867.53,2.1,2215.06,3.4,1815.306655839713,5.7,1234.4116164232871,3.9,3684.87,9.1
89,DHAGDMAGY,1,9,9,HLA-A*30:02,89,1.0,DHAGDMAGY,DHAGDMAGY,1508.36,1.8,322.11,0.87,223.84634111085632,1.0,176.79093797641255,0.9,4231.03,12.0
90,LVRAYHSMS,1,9,9,HLA-A*30:02,90,41.0,LVRAYHSMS,LVRAYHSMS,4452.46,4.3,19912.91,28.0,10184.741251371457,41.0,11761.426529543412,45.0,20518.6,47.0
91,AYHSMSSTH,1,9,9,HLA-A*30:02,91,4.3,AYHSMSSTH,AYHSMSSTH,1104.86,1.5,3253.38,4.3,2477.136850296505,8.9,2657.418780967643,9.7,960.78,3.1
92,HSMSSTHEA,1,9,9,HLA-A*30:02,92,4.3,HSMSSTHEA,HSMSSTHEA,592.9,0.84,4557.74,5.3,1193.8506494164462,3.7,1410.7822926229978,4.3,6187.76,15.0
93,MGRDIKVQF,1,9,9,HLA-A*30:02,93,28.0,MGRDIKVQF,MGRDIKVQF,4250.83,4.1,19783.84,28.0,21976.068493813276,64.0,15186.580620136021,53.0,1436.73,4.0
