method,smm,smmpmbec,ann,NetMHC4,PickPocket,consensus,NetMHCpan2.8,NetMHCpan3,NetMHCpan4,NetMHCcons,mhcflurry,mhcflurry_pan
A0206,0.6847,0.7575,0.6692,0.5671,0.6733,0.7633,0.7545,0.61,0.5573,0.0,0.4902,0.5807
A0203,0.4756,0.4556,0.3861,0.2414,0.5204,0.3936,0.3501,0.208,0.3503,0.3147,0.1754,0.4108
A0301,0.6827,0.6756,0.7057,0.6961,0.609,0.6949,0.6854,0.6567,0.6673,0.0,0.8097,0.6983
A0201,0.7564,0.7489,0.7325,0.6983,0.7152,0.7476,0.7417,0.7334,0.7313,0.7424,0.7332,0.7269
A6801,0.814,0.8389,0.8008,0.7995,0.7932,0.8071,0.804,0.7795,0.7663,0.0,0.8355,0.7884
A0202,0.4175,0.4019,0.3994,0.3065,0.4842,0.4981,0.4134,0.2009,0.1296,0.5058,0.2034,0.1843
A3002,0.6242,0.6031,0.5655,0.5441,0.4766,0.6176,0.5172,0.5134,0.5363,0.0,0.6744,0.6093
B5101,0.5108,0.5342,0.5467,0.5452,0.4839,0.5261,0.4909,0.4419,0.3951,0.5072,0.7947,0.5463
A0101,0.4846,0.4892,0.5361,0.5193,0.4705,0.5122,0.4958,0.4465,0.4699,0.4907,0.5478,0.5388
A3101,0.7899,0.7839,0.7952,0.7997,0.727,0.8081,0.8098,0.7905,0.7887,0.7916,0.8065,0.7654
B0801,0.3912,0.5991,0.5887,0.6133,0.4925,0.6034,0.6108,0.6034,0.6673,0.5506,0.5901,0.68
B5801,0.6218,0.654,0.6444,0.6404,0.617,0.6239,0.5828,0.6318,0.6145,0.6011,0.6178,0.4883
A6802,0.7941,0.7603,0.7604,0.779,0.7261,0.7735,0.7284,0.7762,0.7618,0.7404,0.7978,0.7898
B2705,0.3825,0.4129,0.43,0.4057,0.4955,0.4193,0.337,0.3229,0.3008,0.3684,0.0,0.3067
B1501,0.1434,-0.02,-0.017,-0.0984,0.1804,-0.063,-0.361,0.1298,-0.1912,0.1897,-0.2306,-0.1337
B5301,0.6475,0.6597,0.6485,0.6496,0.6199,0.6589,0.5853,0.6012,0.6087,0.5879,0.6931,0.6522
A3201,-0.2156,0.182,0.2551,0.0533,0.2296,0.0309,0.0611,-0.009,0.0858,0.0175,-0.1477,0.2712
B5701,0.4009,0.3992,0.5261,0.5258,0.5357,0.5271,0.5542,0.5568,0.5624,0.5801,0.3335,0.53
A2402,0.6864,0.6823,0.6938,0.7038,0.6829,0.6924,0.6823,0.7273,0.7274,0.683,0.7309,0.6481
A3001,0.2357,0.1615,0.0977,-0.069,0.3343,-0.0421,0.229,0.2246,0.1813,0.0,0.1761,0.2951
B0702,0.4861,0.5141,0.5444,0.5444,0.6074,0.5319,0.5735,0.5836,0.5704,0.5684,0.5981,0.5844
A1101,0.6652,0.6688,0.7561,0.7587,0.7123,0.6871,0.7036,0.7387,0.7251,0.0,0.731,0.7251
A2902,0.6429,0.6612,0.686,0.6718,0.6183,0.6648,0.7172,0.7285,0.6543,0.7339,0.8103,0.712
B3501,0.5154,0.5203,0.497,0.4969,0.6161,0.509,0.4854,0.4914,0.4972,0.0,0.5373,0.4503
A3301,0.3996,0.4085,0.4553,0.4532,0.5058,0.419,0.457,0.4402,0.4638,0.4582,0.4824,0.3782
B2706,0.0,0.0,0.0,0.0,0.4676,0.0,0.6766,0.7058,0.6324,0.6766,0.5255,0.4365
B2704,0.0,0.0,0.0,0.0,0.0,0.0,0.0,0.0,0.0,0.0,0.0,0.0
A0205,0.0,0.0,0.5998,0.6693,0.5389,0.0,0.6243,0.6985,0.5222,0.6243,0.5782,0.5502
B5401,0.8781,0.8494,0.7733,0.7736,0.7807,0.8465,0.8083,0.7839,0.828,0.8273,0.8429,0.8305
B4403,0.3036,0.4292,0.4913,0.4913,0.2858,0.4519,0.2878,0.4146,0.3935,0.3785,0.3543,0.2342
B1503,0.0,0.0,0.0,0.0,0.0,0.0,0.0,0.0,0.0,0.0,0.0,0.0
B3801,0.3553,0.2696,0.3989,0.3985,0.3845,0.3728,0.3513,0.4729,0.4951,0.4239,0.4115,0.0319
