allele,peptide,Quantitative measurement,Normalized_QM,netmhcpan_ba_BAV,ann_BAV,smmpmbec_BAV,smm_BAV,mhcflurry_BAV,netmhcpan_ba_BAV_Normalized,ann_BAV_Normalized,smmpmbec_BAV_Normalized,smm_BAV_Normalized,mhcflurry_BAV_Normalized,VTAPERNet_BAV_Normalized,VTAPERNet_BAV
HLA-A_3002,CFLIFHFFL,10000.0,0.14874962038298545,20306.28,12415.34,10184.741251371435,11232.075136749776,9679.73,0.08328200300690569,0.1287540431973464,0.1470577602534967,0.13801109684411705,0.15175810020585312,0.22375254333019257,4441.846178647919
HLA-A_3002,EYEPTANLL,10000.0,0.14874962038298545,20257.35,13449.98,43949.10142521467,47256.33102045483,15198.6,0.08350497496511322,0.1213560344634934,0.011921762489295551,0.0052160376238626896,0.1100595276334656,0.2179877609014511,4727.7233428182735
HLA-A_3002,FFLFLLYIL,10000.0,0.14874962038298545,22397.2,9742.47,7833.394522872494,9626.313472665654,16635.67,0.07422398438029297,0.1511609834787908,0.1713183960725818,0.15226954070270193,0.1017094612584628,0.20886646211147308,5218.104400796638
HLA-A_3002,FFLKSKFNI,10000.0,0.14874962038298545,14348.38,22860.66,50344.264447485664,39306.10409804972,16393.4,0.11537999474352455,0.07233100859513875,-0.0006341806100551572,0.022241045216202737,0.10306534582408776,0.19339226186275482,6169.153362783752
HLA-A_3002,HFFLFLLYI,10000.0,0.14874962038298545,14800.92,14323.71,18704.667825225268,23413.158220818692,12891.35,0.1125100378611178,0.11553904029988682,0.09087523519877372,0.07012387906966001,0.12527673173889975,0.22552300989627838,4357.567724379537
HLA-A_3002,IYTIIQDQL,10000.0,0.14874962038298545,16199.86,14633.41,11586.43954661162,11232.0751367498,18541.89,0.10416298519040168,0.11356200677598915,0.1351402549388585,0.13801109684411686,0.09168307174721724,0.21238172054290771,5023.364244620647
HLA-A_3002,KYEALIKLL,10000.0,0.14874962038298545,8844.71,12475.27,13612.879493768645,14436.436336748877,7320.22,0.16009602227570566,0.12830898048424,0.12024337329556077,0.11481452399955315,0.17758059109493773,0.19387581944465637,6136.9607289817795
HLA-A_3002,LYILFLVKM,10000.0,0.14874962038298545,21796.66,14395.65,14058.856562445017,14075.375833896904,15116.15,0.07673597707418599,0.11507601127186562,0.11726399696690135,0.11715546254350008,0.11056227450184007,0.14438702166080475,10483.341189898034
HLA-A_3002,LYYLFNQHI,10000.0,0.14874962038298545,8234.15,16165.37,19541.144670821595,27068.23884746905,10534.7,0.1667070080074441,0.1043599670782549,0.08683179589559288,0.056716685590691984,0.14393533713424156,0.25745201110839844,3084.684325024318
HLA-A_3002,NFINFIKVL,10000.0,0.14874962038298545,18562.18,24293.37,30335.419146694923,44000.74197886033,17877.26,0.09158199013179402,0.06671296886511269,0.04618459026888089,0.011813228065894354,0.09505679915415643,0.19116924703121185,6319.335989918653
HLA-A_3002,NHEQKLSEY,10000.0,0.14874962038298545,5216.32,4737.8,1823.6857306540398,1391.4256339058252,4331.91,0.20889807291606144,0.21779097968038372,0.3060287686469744,0.33103212042227514,0.22606881470508844,0.30012133717536926,1944.056323806274
HLA-A_3002,NVDQQNDMY,10000.0,0.14874962038298545,4187.61,3193.19,1355.033399385087,1388.2254437521826,1098.19,0.22919996831528636,0.2542568355824908,0.3334815933896227,0.3312449330171792,0.35290553420287485,0.43449389934539795,454.2513265427239
HLA-A_3002,QEEQKKYIY,10000.0,0.14874962038298545,15009.29,6223.74,3515.199679666477,2827.8736422648853,3620.44,0.11121795946911396,0.19257806753820106,0.2453771790992621,0.2654858411917649,0.2426507615038869,0.4211428165435791,524.8467857522737
HLA-A_3002,VFLVFSNVL,10000.0,0.14874962038298545,15252.88,9888.6,5320.4700156585695,5720.842613180652,18882.55,0.109730036654887,0.14978499414144186,0.20707091201649608,0.2003651871510631,0.09000043851867212,0.24161477386951447,3661.2503762383662
HLA-A_3002,YYNKSTEKL,10000.0,0.14874962038298545,13061.62,19473.99,25231.902627435233,24180.20619744674,4929.87,0.12406398829148335,0.08714996292812605,0.06320959786122071,0.06714450274100038,0.2141181016830648,0.22067588567733765,4592.198335822364
HLA-A_3002,FMGRIRSVY,0.157,1.1711226815342033,48.26,54.8,219.76068493813236,244.60199789104985,63.35,0.6417114141994478,0.6299655973798741,0.5016035433639834,0.4917056295749863,0.6165656266039405,0.8036098480224609,8.372042672652032
HLA-A_3002,SSRMYCSFY,0.23800000000000002,1.1326722754919096,10.66,22.75,88.09474443467707,98.96007140774748,44.73,0.7812803223382612,0.7112172668178423,0.5860901435409719,0.5753409793723581,0.6487317653337751,0.5524717569351196,126.74236018418053
HLA-A_3002,VMYMGTLSY,0.56,1.0535887594007702,10.24,18.11,117.47622976459257,113.36004248394917,31.45,0.7849954445958267,0.7322991104107278,0.5594885691779402,0.5627850362730071,0.6812874633378497,0.6766336560249329,33.07415449637622
HLA-A_3002,MMSAPPAEY,0.11199999999999999,1.202338379783756,14.51,26.36,58.60706867484333,34.39220335319413,34.32,0.7527825435434157,0.6976049209484672,0.6237579728390249,0.6730219604334104,0.6732161989202471,0.6697832345962524,35.618750101958675
HLA-A_3002,GTFLCANEY,0.406,1.0833105906318978,38.8,51.85,162.53616183065398,186.8357587237787,42.32,0.6618765976100938,0.6350798666212469,0.5294819932964405,0.516604703178784,0.6538505975721873,0.47826769948005676,282.881424584954
HLA-A_3002,YMLFTKFFY,0.6809999999999999,1.0355083960811091,16.43,17.12,152.73902008197211,162.352881106647,56.18,0.7412970156623002,0.7374948639376486,0.5352279333588552,0.5295862714679433,0.6276669710061745,0.6930760145187378,27.683857264299508
HLA-A_3002,GMKRSFYVY,0.325,1.1038773685660286,26.34,30.15,80.9002753932543,78.96961123504211,49.68,0.6976750714912249,0.6851890275717565,0.5939642095524293,0.5961966136729748,0.639031195005851,0.7452415227890015,15.74354184346804
HLA-A_3002,HTLSIHDGY,0.41100000000000003,1.0821793239300528,31.99,141.9,204.1502894432612,204.86133570049225,50.1,0.6797140141998479,0.5420310422344233,0.5084135464009192,0.5080921993826139,0.6382531226420461,0.6920514106750488,27.99246759424002
HLA-A_3002,AYSFLPGVY,0.267,1.122045626617372,46.46,21.77,63.5257790885517,57.87086848548051,79.72,0.6452245483742387,0.7152868761012365,0.6163095320173759,0.6249263139850492,0.5953225306239962,0.7570770978927612,13.851200963024864
HLA-A_3002,TSNPKTPKY,0.228,1.13663955130743,113.31,93.25,74.63628252676807,78.78798616924371,40.3,0.5628258453125702,0.5808339192071426,0.6014126503740782,0.5964094262678792,0.6583708675178179,0.5194860696792603,181.1008735835232
HLA-A_3002,LMNVITLVY,0.38,1.0894273432253092,28.92,44.05,112.44755064873905,135.35054224739991,46.27,0.6890386005285927,0.6501476044258423,0.563532008481121,0.5463984664653795,0.6456032922186721,0.6618361473083496,38.81698505249658
HLA-A_3002,SSLPSYAAY,0.27,1.1210129529059132,17.3,25.87,79.05876029986374,71.03297432028751,33.27,0.7365281961820619,0.6993391259333701,0.5960923355014718,0.6059859930385705,0.6760879938658186,0.6568026542663574,40.989633310013566
HLA-A_3002,HTSSMRGVY,0.131,1.1878557861679666,16.6,17.31,30.33541914669504,31.293922306138743,48.4,0.7403456317205284,0.7364747877231088,0.6846223749816414,0.6817472768244848,0.641443686576057,0.8089345693588257,7.903341125578667
HLA-A_3002,KISNCVADY,0.221,1.1395215814763493,21.5,22.15,36.89351208995029,37.88436393528531,41.14,0.7164403137951327,0.7136875252837043,0.6665333044147798,0.664083831447432,0.6564642281459283,0.6836334466934204,30.66175042742127
HLA-A_3002,YSNRNRFLY,0.45299999999999996,1.0731866340218876,12.3,35.49,82.02571033045359,100.33674313363008,36.95,0.7680544650351719,0.6701179199021875,0.5926873339830038,0.5740641038029324,0.6663919026330635,0.7217879891395569,20.29130103107712
HLA-A_3002,ILNFVAHVY,0.522,1.0600832728741012,21.63,11.11,38.72130628040028,46.074433061486225,39.98,0.7158831577543259,0.7774588775889344,0.6620642399217903,0.6459947608805703,0.6591076792778029,0.7114438414573669,22.694296967993523
HLA-A_3002,RYWYLNHTV,0.603,1.0467512428589956,202.31,425.15,1827.8897604424685,2335.930945119835,891.49,0.5092504638343681,0.4406131171326787,0.30581595605207,0.2831492865688179,0.3721780574766551,0.44292211532592773,414.6601210767508
HLA-A_3002,FYIQMCTEL,10000.0,0.14874962038298545,14215.34,18334.04,21377.159616889272,20392.008336213985,9668.81,0.11624095329451667,0.09272496513146222,0.07853210469432703,0.08289263476391517,0.15186242465952438,0.18218205869197845,6964.6929599787945
HLA-A_3002,YYLEKANKI,10000.0,0.14874962038298545,15383.65,18965.16,31619.136104551577,23305.584530311324,8416.84,0.10894102608450572,0.08959697400878708,0.04235396356060395,0.0705495042594686,0.16467884070183147,0.19153887033462524,6294.113903038048
HLA-A_3002,KNENDQYIY,0.15,1.1753381571246568,399.47,67.26,115.06679057798964,201.5858294703439,478.97,0.446371403270784,0.6110303191354622,0.5614038825320786,0.5095818875469438,0.4295966328753885,0.7546542286872864,14.219110200619701
HLA-A_3002,ALITVSGLY,0.68,1.0356442129103207,17.14,13.72,33.338802783850944,50.63607098311616,43.23,0.7373869557693529,0.7579567202341728,0.6758970585905669,0.6372694444894959,0.6518842993200179,0.8096418380737305,7.843091704339733
HLA-A_3002,RTWAYHGSY,0.19,1.1534903177465772,7.02,9.73,27.79393259864121,38.76680413199125,21.89,0.8198888030038839,0.7897171424042798,0.6927092535880031,0.6619557054983893,0.7147788216713009,0.6623404026031494,38.60577896705564
HLA-A_3002,MTEQQWNFA,20.0,0.7231244305744784,1963.83,12313.14,5740.503684116892,5134.048889875217,19403.71,0.2991860158494438,0.1295179978507096,0.20004809638465595,0.2103673791115631,0.08748411433650173,0.33977511525154114,1265.8345042636818
HLA-A_3002,SAIQGNVTS,30.0,0.6856499927948816,11320.3,27726.19,9884.39289827226,5787.086848548042,20171.42,0.13728797320900488,0.054497008724426976,0.1498243239872522,0.19930112417654197,0.08389786098126706,0.40273985266685486,640.4828674447213
HLA-A_3002,SIHSLLDEG,20.0,0.7231244305744784,7538.09,29481.03,3318.562489905939,3345.4920331392373,21670.6,0.17486995772123634,0.04882503004122307,0.25069749397186825,0.2499505217637543,0.07727205495697098,0.37804698944091797,836.6398386380408
HLA-A_3002,LAAAWGGSG,7.0,0.8201524931560673,4096.1,16142.65,4324.640389063369,4628.710298169405,18874.1,0.23124204934323436,0.10448995700224506,0.2262240455578789,0.2199439458822543,0.09004180750661195,0.736534595489502,17.2988022052508
HLA-A_3002,AAAWGGSGS,5.0,0.8512503796170144,3124.49,15462.25,5271.691653358623,3939.6714025910383,16806.8,0.2562669828043963,0.10847000790025517,0.20792216239611336,0.23484082752555235,0.1007635656064273,0.6862561106681824,29.80390188442017
HLA-A_3002,AAWGGSGSE,300.0,0.4728373978906281,8774.66,4537.12,1169.3647551770794,1676.7178972111353,13325.71,0.16083092809516575,0.2217911026289928,0.3471015994634952,0.3137943002350303,0.1222139417957353,0.5696104168891907,105.29014922868213
HLA-A_3002,AWGGSGSEA,800.0,0.3821858866276886,10262.92,15981.71,5235.401583277128,5265.747133369425,15647.27,0.14635102163491087,0.10541602906017966,0.20856060018082626,0.2080264405676161,0.107370642356601,0.4108707308769226,586.5442265092179
HLA-A_3002,WGGSGSEAY,400.0,0.4462488611489567,1614.06,648.2,770.8147206315018,936.396970574228,1530.5,0.31731428974815523,0.4016329059130703,0.3856206791411646,0.3676358867458069,0.32222735386807777,0.47853589057922363,282.06175807027563
HLA-A_3002,GVQQKWDAT,30.0,0.6856499927948816,8638.35,18170.71,8471.298790945622,5488.580015888776,25306.63,0.16227794756217773,0.09355201389319867,0.1640827678458373,0.2041958138593397,0.06293627935707002,0.3765091300010681,850.6774021017593
HLA-A_3002,VQQKWDATA,60.0,0.6215870182736136,3375.58,8996.14,2678.859891921881,2053.3358985223795,21795.28,0.24912302019167956,0.15852703853011052,0.2704890652979638,0.2950667918834562,0.07674182880747582,0.36070358753204346,1009.3334494399469
HLA-A_3002,QQKWDATAT,90.0,0.5841125804940169,11068.26,11732.68,6997.614283528365,5720.8426131806455,25466.81,0.1393689790119319,0.13398101668584106,0.18174621322289009,0.2003651871510631,0.06235312332041365,0.39491936564445496,697.0368702934486
HLA-A_3002,ATATELNNA,300.0,0.4728373978906281,3149.26,10854.9,2223.0539373749752,2225.666043934321,15208.63,0.2555371679665055,0.14116799571444416,0.2877268854852083,0.2876183510618072,0.10999855489177512,0.3715851902961731,897.2270141918233
HLA-A_3002,TATELNNAL,9.0,0.7969251753982706,17440.85,23464.36,26850.353017500933,25554.065285858287,11201.14,0.09734098258930167,0.06992198096223312,0.05746365779880613,0.062037000463298526,0.1382659983659882,0.30300089716911316,1884.420747805186
HLA-A_3002,LQNLARTIS,10.0,0.7871874050957464,6184.81,23709.6,8688.60392278462,8006.818795840839,25443.19,0.1931579986763172,0.06896102271217441,0.1617418293018903,0.1692945482950422,0.062438884048938825,0.4035530984401703,634.871891773527
HLA-A_3002,RTISEAGQA,30.0,0.6856499927948816,619.91,2310.63,527.1691653358623,608.7794725176333,5300.99,0.4057572958333194,0.2841558033804581,0.4207347573003669,0.4074318419929019,0.20740992568158625,0.43571582436561584,448.28521468393825
HLA-A_3002,AGQAMASTE,5.0,0.8512503796170144,12340.48,16316.3,3466.9693319524536,4221.4339641688175,23330.78,0.12931300929061829,0.10350104852849884,0.2466540546686875,0.2284564496784246,0.07044964014691113,0.563254177570343,112.78608430139099
HLA-A_3002,AMASTEGNV,7.0,0.8201524931560673,2280.05,664.34,719.3661531469777,597.6679948969781,11603.08,0.2853871448851032,0.3993597746840085,0.3920050569882926,0.4091343427521359,0.13500761170149322,0.41898924112319946,537.2199451315641
HLA-A_3002,PAVYLLDGL,90.0,0.5841125804940169,24988.09,30948.27,76374.78487952829,51340.48889875217,28177.83,0.06410701548976183,0.04433601982015023,-0.039153260287725145,-0.002445215792690636,0.053003628338394,0.13950566947460175,11051.90257963069
HLA-A_3002,AVYLLDGLR,180.0,0.5200496059727489,7718.59,10795.4,6323.3904646220735,6568.40616433705,3217.25,0.1726829562904959,0.14167599812694864,0.19110996739867714,0.18759643145680796,0.2535630560923309,0.49629291892051697,232.75791861794872
HLA-A_3002,RAQDDYNGW,500.0,0.4256251898085073,8995.46,8992.55,14091.265573924502,13380.119740216167,4029.37,0.15853402488688462,0.15856392835136754,0.11705118437199702,0.12183733963139375,0.2327601271517797,0.540302038192749,144.57957160685763
HLA-A_3002,INTPAFEWY,730.0,0.3906488320890966,748.12,1922.08,952.6864756257472,1508.2036934495386,443.96,0.3883827173751112,0.30117207458237905,0.36604192040997374,0.3235836796006262,0.4366118872262993,0.4958420395851135,233.89618241346034
HLA-A_3002,NTPAFEWYY,24.0,0.7062736641353311,263.37,608.2,422.6199555441536,607.3793185847037,155.86,0.4848730037622941,0.4075198579179887,0.4411647664111753,0.4076446545878061,0.5333584445357605,0.5599431991577148,116.8997836396222
HLA-A_3002,YQSGLSIVM,770.0,0.38571841860898337,3746.03,12770.81,9504.953575346924,8579.46091328279,7544.62,0.2394990289800665,0.12614499776284638,0.15344213810062435,0.16291017044791445,0.17478992907658553,0.2617751955986023,2943.7180602224385
HLA-A_3002,GQSSFYSDW,24.0,0.7062736641353311,2959.28,12101.29,8809.474443467698,8619.061905560187,12658.13,0.26128788738649666,0.1311219980340972,0.16046495373246472,0.16248454525810596,0.12696409046775392,0.46660909056663513,320.91342380796056
HLA-A_3002,QSSFYSDWY,570.0,0.4135151207329517,142.02,110.54,209.3871376122628,177.60696786923268,289.2,0.5419529159950743,0.5651133209277609,0.5060726078569726,0.5212865802666775,0.4762260056243392,0.5163988471031189,187.2523649884498
HLA-A_3002,CGKAGCQTY,77.0,0.5985310135132369,285.92,573.26,564.871937783374,438.9954308054855,216.11,0.4772802267528743,0.4129880299734793,0.4143503794532391,0.4376512304693061,0.5031517840748494,0.5376800298690796,148.73996400441703
HLA-A_3002,QWLSANRAV,74.0,0.6022039472467104,6830.07,10226.68,10788.225110482004,9648.504417032673,21235.57,0.1839860328620924,0.14667796068462444,0.14173744538089028,0.15205672810779747,0.07914629829152697,0.41754868626594543,545.658911359489
HLA-A_3002,LSMAGSSAM,2900.0,0.26315809747583074,685.65,2172.36,2477.136850296508,3107.8496460264264,2932.44,0.3964416717433881,0.2898588851634093,0.2777246935247084,0.2567605248006902,0.26212997067939525,0.34199613332748413,1235.777922697442
HLA-A_3002,SSAMILAAY,6.5,0.8270017991405071,14.53,12.54,38.810568110063855,37.02201052979681,40.88,0.7526552386532517,0.7662684512816142,0.6618514273268861,0.6662119573964744,0.6570501863941205,0.6047435998916626,71.99427591437062
HLA-A_3002,SAMILAAYH,36.0,0.6687992263557345,774.81,1924.66,1976.7420461723432,2155.0631457741824,4136.4,0.38514286863054015,0.30104809831066703,0.2985803278253252,0.29059772739046674,0.23033717471737425,0.6231405138969421,58.99991976631828
HLA-A_3002,AYHPQQFIY,100.0,0.5743748101914927,80.77,172.48,73.27401684531287,115.7337432466438,49.6,0.5941131607306718,0.5239938238714712,0.6031151511333124,0.5608697229188686,0.6391801448135068,0.6034353375434875,73.02060949931371
HLA-A_3002,IYAGSLSAL,4000.0,0.23343626624470304,5704.41,3395.98,3388.0514750962407,2887.0878563244733,5598.64,0.20063104700068046,0.2485661494702688,0.24878218061773005,0.2635705278376264,0.20236082817697087,0.20368824899196625,5518.804783938387
HLA-A_3002,AMGDAGGYK,660.0,0.3999655386307833,2364.26,7933.91,7655.0846941823975,5827.201018198824,1477.49,0.2820351627028542,0.1701399953488284,0.17344652202162414,0.19866268639182905,0.3254852558685668,0.5224781632423401,175.33183873045328
HLA-A_3002,KAADMWGPS,6.6,0.8255907284392906,764.9,11261.54,1892.1257670754053,1209.093816158773,13482.15,0.3863326094311267,0.13776896213282286,0.3026237671285061,0.34401368871143434,0.12113523795598945,0.5752196311950684,99.0900873943054
HLA-A_3002,KLVANNTRL,120.0,0.5575240437523457,6884.83,9375.15,6094.667257509819,6736.898434853917,2196.45,0.18324798464374936,0.1547130070226672,0.1945149689171453,0.18525549291286114,0.28883961413921344,0.3937012851238251,706.284173878877
HLA-A_3002,VANNTRLWV,140.0,0.5432769237305457,3850.41,11933.04,7412.248997181234,5413.273874916515,10043.28,0.23695895626494626,0.13241602039679812,0.17642589835028366,0.2054726894287653,0.14835047531452894,0.33945325016975403,1270.2504689474833
HLA-A_3002,ANNTRLWVY,17.0,0.7381449721443496,116.19,207.06,129.10706250580375,175.5739177197652,107.33,0.5605060790343221,0.5071055555711292,0.5507632527868658,0.5223506432411988,0.5678369669339036,0.691908061504364,28.03591777330457
HLA-A_3002,FVRSSNLKF,7800.0,0.17171324798859902,3510.38,17473.71,19721.956656268696,22001.8905540414,323.51,0.24550398740881466,0.09716701323634123,0.08598054551597589,0.07586981913207491,0.4658642835878348,0.2013566493988037,5659.800831648975
HLA-A_3002,RSSNLKFQD,12000.0,0.13189885394383838,11329.24,13192.86,1573.8016634231733,1872.664596291021,25219.56,0.1372150123750462,0.12313997535333455,0.3196487747208464,0.30357929567962616,0.06325481941720956,0.33986005187034607,1264.67174256589
HLA-A_3002,SNLKFQDAY,170.0,0.5253323772400961,439.6,642.23,356.41009783517706,512.224090509661,194.55,0.4375240358392273,0.4024880801579313,0.4569128984340901,0.423392786610721,0.5128653230330187,0.506078839302063,209.37302060970737
HLA-A_3002,NLKFQDAYN,14000.0,0.11765173392203845,16250.06,20084.94,6917.513255197575,8403.496044765872,25792.05,0.10387702731126547,0.08429495512301344,0.1828102761974112,0.16482548380205264,0.06118024631558139,0.3497398793697357,1136.4564605197518
HLA-A_3002,KFQDAYNAA,7800.0,0.17171324798859902,3544.31,7138.03,4841.166283889652,4280.159960406292,9486.91,0.2446149482139507,0.17990998764880528,0.2157962284075705,0.22717957410899906,0.15361775519219525,0.28860342502593994,2202.070236608822
HLA-A_3002,AVFNFPPNG,2800.0,0.266401354305024,4468.87,14228.1,2108.3853991201827,2782.659069677833,9835.48,0.2231919510459055,0.11615802929925025,0.2926215751680061,0.2669755293560947,0.1502828160382631,0.3448213040828705,1198.5745161990433
HLA-A_3002,VFNFPPNGT,31000.0,0.04418166328156459,13747.33,11340.16,3075.7426863928554,1983.6269496288865,17324.06,0.11933501297802727,0.13712597050333175,0.2577203096037086,0.29825898080701985,0.09796196288103164,0.2737777829170227,2585.213496490498
HLA-A_3002,NGTHSWEYW,1100.0,0.3527533305486625,16483.63,30332.66,182368.5730654045,325431.80874041474,20912.11,0.10255803853306222,0.04619299698110391,-0.11959642116153303,-0.1731209169059018,0.08056492152693917,0.49463745951652527,236.96457118211197
HLA-A_3002,GTHSWEYWG,25000.0,0.06406297452126808,12056.72,22872.29,1729.6172182106784,2873.822892555186,19825.99,0.13146302883452546,0.07228400163771588,0.3109234583297722,0.2639961530274349,0.08549429368054395,0.3029201030731201,1886.0687800436003
HLA-A_3002,MKGDLQSSL,20000.0,0.08468664586171759,19480.93,20071.46,20321.23040657045,18943.490303279086,25339.68,0.08711703163440643,0.08435700583529404,0.08321398178222039,0.08970263780085108,0.062815654905784,0.22514641284942627,4375.359714413575
HLA-A_3002,SQIMYNYPT,4000.0,0.23343626624470304,4314.27,7840.12,1258.7804809928948,869.8813103460226,21030.22,0.22644594076605096,0.1712390786907424,0.34029159642655904,0.3744458897827426,0.08004439016742937,0.3891279399394989,742.112055526889
HLA-A_3002,MYNYPAMLD,2000.0,0.2974992407659711,7390.06,11108.09,2792.222356252837,2700.5983625684053,24101.56,0.1767029879138936,0.13903698340245366,0.2666584385896873,0.2697420930898497,0.06744559985923683,0.29729384183883667,2004.449684295849
HLA-A_3002,TMLGHAGDM,5000.0,0.21281259490425355,2112.87,1246.98,1745.621169287054,1515.1652453956065,7403.44,0.2924251966554059,0.3411621089010546,0.3100722079501552,0.32315805441081746,0.17653580305998484,0.35090261697769165,1122.2487561327648
HLA-A_3002,AMLDHAGDM,700.0,0.39452730334756003,1867.53,2215.06,1815.306655839713,1234.4116164232871,3684.87,0.30383305617380185,0.2880598319424508,0.30645439383678275,0.34209837535729604,0.24102044330439346,0.3445007801055908,1202.7383866410585
HLA-A_3002,DHAGDMAGY,10.0,0.7871874050957464,1508.36,322.11,223.84634111085632,176.79093797641255,4231.03,0.3235741015679652,0.4662651165010535,0.499901042604749,0.5217122054564861,0.2282465941794129,0.5978009104728699,77.61067443454307
HLA-A_3002,LVRAYHSMS,10.0,0.7871874050957464,4452.46,19912.91,10184.741251371457,11761.426529543412,20518.6,0.2235319605845004,0.08508998207928843,0.1470577602534966,0.13375484494603196,0.08232065298947011,0.39053991436958313,730.8607869750458
HLA-A_3002,AYHSMSSTH,200.0,0.5103118356702248,1104.86,3253.38,2477.136850296505,2657.418780967643,960.78,0.35234588686634216,0.25253091862785426,0.2777246935247085,0.2712317812541796,0.3652600567187355,0.5080026388168335,205.05994776606585
HLA-A_3002,HSMSSTHEA,6.0,0.8343996131778673,592.9,4557.74,1193.8506494164462,1410.7822926229978,6187.76,0.4098746219307276,0.2213720148263386,0.3451862861093569,0.32975524485284924,0.19311392556211004,0.3887709379196167,744.9841423358574
HLA-A_3002,MGRDIKVQF,72.3,0.6043519546668752,4250.83,19783.84,21976.06849381328,15186.580620136021,1436.73,0.22781508850261376,0.0856909946039226,0.07597835355547589,0.11013264691165968,0.3280707990606516,0.3185114860534668,1593.2872666797275
