allele,peptide,Quantitative measurement,Normalized_QM,netmhcpan_ba_BAV,ann_BAV,smmpmbec_BAV,smm_BAV,mhcflurry_BAV,netmhcpan_ba_BAV_Normalized,ann_BAV_Normalized,smmpmbec_BAV_Normalized,smm_BAV_Normalized,mhcflurry_BAV_Normalized,VRAPERNet_BAV_Normalized,VRAPERNet_BAV
HLA-B_5101,FPFVLAAII,0.92,1.0077064064297132,27.79,25.65,70.66754432827004,66.77747601173434,53.2,0.6927223316077757,0.7001284604609975,0.6064626932511562,0.6116957549598518,0.6327042669558548,0.6642693281173706,37.80840502421055
HLA-B_5101,MPFAGLLII,0.94,1.0057187312060951,22.94,29.96,101.91075053036236,100.37602658280777,39.48,0.7104485850495431,0.6857733061362521,0.5726254906613799,0.5740279256617988,0.6602708375400297,0.5995429754257202,76.1615101036643
HLA-B_5101,MPREDAHFI,0.46,1.0717693809509812,158.46,146.72,534.835221579876,442.2114669051896,76.5,0.5318293903641498,0.538943786334708,0.4194004223303174,0.4369766145434597,0.5991331220638882,0.560721755027771,115.91917902871403
HLA-B_5101,FLLPILSQI,20000.0,0.08468664586171759,6980.77,4809.33,2219.3203733781475,2049.415422092758,1691.3,0.181968957939622,0.21640602631623876,0.2878822386794887,0.2952434263372268,0.3129939867908176,0.15424463152885437,9422.781214621631
HLA-B_5101,SSKMFNYFK,20000.0,0.08468664586171759,39174.08,35978.36,434730.3892195121,621770.3381838994,30299.71,0.02255200572625704,0.030417015041524283,-0.1998842288410609,-0.2329574342151306,0.046293449897898735,0.0827731043100357,20418.39823929923
HLA-B_5101,FQILHDRFF,20000.0,0.08468664586171759,22126.23,19499.5,37430.01490027792,30876.637564770233,22257.52,0.07534897679315011,0.08702897198638349,0.026761184731969312,0.044550189540016334,0.07480218680224637,0.08670226484537125,19568.550731502455
HLA-B_5101,YQSMIRPPY,20000.0,0.08468664586171759,31468.96,26915.11,144617.21708109163,190822.68396157978,27719.73,0.04279397692573162,0.05724102196951486,-0.0981598084768276,-0.12378457302924885,0.054518545196397435,0.08273857831954956,20426.02723374653
HLA-B_5101,RPPYSSYGY,20000.0,0.08468664586171759,29670.49,22205.37,31420.99980360811,24982.160834072958,22008.3,0.04823297137385985,0.07501899138531076,0.042934941944692606,0.06412894827120685,0.07584289889510831,0.08290772885084152,20388.678293951172
HLA-B_5101,TEAEKWPFF,20000.0,0.08468664586171759,28693.35,24000.23,79656.2762009962,145087.50085223975,24359.92,0.0513280034238891,0.06783499370318112,-0.043041346396625935,-0.09845987423564197,0.06646012771816101,0.09246346354484558,18385.98758987157
HLA-B_5101,FDVRPQVPL,1300.0,0.3373136348107316,21901.62,19080.62,17710.058673013464,24301.327595294042,8460.23,0.0762919883421419,0.08903600608573325,0.09592527807585184,0.06668269941005822,0.16420360923460198,0.30695509910583496,1805.4987868821613
HLA-B_5101,FFVRPQVPL,1300.0,0.3373136348107316,22065.74,17779.81,26014.77056340413,18690.8907929176,14599.82,0.0756019952064435,0.09556198236090464,0.06038557472684147,0.09094333522914333,0.113774402136381,0.2738356292247772,2583.5959583947347
HLA-B_5101,FKVRPQVPL,1300.0,0.3373136348107316,24878.57,19661.78,27619.766328710317,26159.533801356803,24150.9,0.06451298693421037,0.08626298350184725,0.054852447259330805,0.0598726963731222,0.06725658694797199,0.334529310464859,1339.75938788742
HLA-B_5101,FLVRPQVPL,1300.0,0.3373136348107316,20748.92,19529.9,32750.655744264302,30452.994215403007,11387.29,0.08128898626010073,0.08688499488338698,0.03910431523641622,0.045827065109441456,0.13674265270455832,0.28412577509880066,2311.3808441524016
HLA-B_5101,FNVRPQVPL,1300.0,0.3373136348107316,18824.71,18435.28,27303.60547794812,18349.743589158013,15786.03,0.09028397913798558,0.09221601026657522,0.055916510233852135,0.0926458359883774,0.10655464496779997,0.29860565066337585,1976.2005177637238
HLA-B_5101,FPVRPQVPA,1300.0,0.3373136348107316,2254.49,6150.31,3014.532705444365,2861.738854070424,327.42,0.28642908760871993,0.19367499622384665,0.25957816355722274,0.26438560007611,0.4647539350440729,0.3904258906841278,731.7630143938424
HLA-B_5101,FPVRPQVPC,1300.0,0.3373136348107316,4210.96,6152.04,2589.5243549969523,2294.193262452453,325.79,0.22868604976776566,0.19364900243051086,0.2736237948209035,0.2848156091869184,0.4652151966591658,0.39426401257514954,701.9969665237373
HLA-B_5101,FPVRPQVPD,1300.0,0.3373136348107316,11336.47,11412.65,3382.361326605401,2236.814657812187,7140.1,0.1371560492329793,0.13653705069344946,0.2489375338120101,0.2871565477308652,0.17988318913861834,0.3257147967815399,1473.8250856886723
HLA-B_5101,FPVRPQVPF,1300.0,0.3373136348107316,805.55,1812.0,1915.2258728475256,1661.996098682316,640.11,0.3815469136203554,0.3066229002665908,0.30150224475336074,0.31460937247351395,0.40279367407230704,0.4410792589187622,423.0111326651476
HLA-B_5101,FPVRPQVPH,1300.0,0.3373136348107316,15606.63,9898.98,5447.785507292777,4588.069627147004,7621.6,0.1076110018942994,0.14968802884179355,0.20488532666682968,0.2207590181207381,0.17385168481021573,0.3223230838775635,1528.9155632738189
HLA-B_5101,FPVRPQVPK,1300.0,0.3373136348107316,15430.5,11487.61,3973.928052550711,3416.8821498433067,6413.81,0.1086599839910829,0.13593198525016434,0.2340406521687124,0.2479990302684825,0.18979774569458407,0.317605584859848,1608.980897009719
HLA-B_5101,FPVRPQVPM,1300.0,0.3373136348107316,975.32,2084.22,1645.2049215129996,1329.321411414158,261.61,0.3638718427164456,0.2936870088612106,0.3155478760170415,0.3352521941792265,0.4854927061515526,0.43645671010017395,444.70602700062557
HLA-B_5101,FPVRPQVPN,1300.0,0.3373136348107316,11304.02,8418.47,3786.3434045762956,2236.814657812187,7257.91,0.13742098513281287,0.16466094378902452,0.23850971666170184,0.2871565477308652,0.17837066953628067,0.3323410451412201,1371.8587638313759
HLA-B_5101,FPVRPQVPQ,1300.0,0.3373136348107316,17520.47,10804.63,4347.303892195111,2402.3152598599936,5321.07,0.0969200168645471,0.14159701051073326,0.22574096096744645,0.2805593572888333,0.20706049011249586,0.32928064465522766,1418.0453892061832
HLA-B_5101,FPVRPQVPT,1300.0,0.3373136348107316,4606.92,8602.16,3397.9735971347673,5856.390129619033,736.64,0.2203800689650297,0.1626659645558538,0.24851190862220165,0.19820088306088712,0.38981195986186495,0.3316332697868347,1382.4047492888678
HLA-B_5101,FPVRPQVPW,1300.0,0.3373136348107316,1626.62,3139.09,1808.0898158059078,1226.3939516757437,2921.84,0.31659787041135445,0.25583611638477977,0.30682255962596705,0.3427006350008753,0.2624646620260557,0.35684069991111755,1052.4131333520654
HLA-B_5101,FPVRPQVPY,1300.0,0.3373136348107316,4902.11,6164.97,3821.378008746047,3354.517022150368,3904.72,0.21464000645001116,0.1934549562831277,0.2376584662820848,0.2497015310277165,0.2356644342080615,0.3978470265865326,675.3031260055923
HLA-B_5101,FQVRPQVPL,1300.0,0.3373136348107316,19334.78,17960.01,22501.94195165486,23422.324848938497,12778.21,0.08781302479479214,0.09462997843834098,0.07379276820580949,0.07008770092852634,0.12609145890281115,0.2384072095155716,3790.5451851159487
HLA-B_5101,FTVRPQVPL,1300.0,0.3373136348107316,13769.51,16337.15,18544.70802416881,20120.093750329957,6676.04,0.1191860169429737,0.10338301954166162,0.09166902617776672,0.0841333321922072,0.18609420222001405,0.3258918821811676,1471.003903920697
HLA-B_5101,SPLGERLEV,25000.0,0.06406297452126808,5362.94,9719.83,6686.825654587358,4815.373739301821,106.67,0.20633608328875866,0.151376011020539,0.1859450057203511,0.21628995362774872,0.5684070566061595,0.10525433719158173,16009.693996334532
HLA-B_5101,DPSRGRLGL,25000.0,0.06406297452126808,18437.87,22949.38,23780.44624581817,18265.43417565939,3398.68,0.09220302648625177,0.07197301682781188,0.06868526592810742,0.09307146117818564,0.2484926967826052,0.0854310467839241,19839.56191312005
HLA-B_5101,HPSDGKCNL,10000.0,0.14874962038298545,18119.47,11945.31,13372.727655491253,10318.819126830233,1069.95,0.0938130087334348,0.13232103607600598,0.12188841465417075,0.14584898471444074,0.3553132962583309,0.10897323489189148,15378.28985270295
HLA-B_5101,QPRPRGDNF,10000.0,0.14874962038298545,17061.4,11237.68,12918.735306078745,10438.305420925548,10348.89,0.09937397746632703,0.13796498862753714,0.12508060357773446,0.1447849217399193,0.1455800383742092,0.08454854041337967,20029.907746181638
HLA-B_5101,RPRGDNFAV,10000.0,0.14874962038298545,11458.68,20046.5,20240.44236524277,18820.449858439344,4157.13,0.13616503455939566,0.0844720110227658,0.08358214757140514,0.09030489744443047,0.2298751423287469,0.12786176800727844,12535.780866153798
HLA-B_5101,IPYCNYSKY,27500.0,0.055254089782691314,3038.21,1662.38,1754.7691879146973,1899.4593336891453,4406.01,0.25885507129615226,0.3145880262482711,0.30958912335972233,0.30226624196906715,0.22450122577078704,0.15604493021965027,9241.012504369219
HLA-B_5101,MPYNILDRI,0.41100000000000003,1.0821793239300528,38.67,27.62,144.95059419662655,99.2270317078017,45.67,0.6621867833571398,0.6932894500469869,0.5400651636410292,0.5750919886363202,0.6468096178363427,0.7365478277206421,17.296325716358695
HLA-B_5101,KPFNNILNL,500.0,0.4256251898085073,4383.96,8729.96,5397.839909549534,5937.860631736657,472.61,0.22496492219427333,0.1613029557179826,0.20573657704644666,0.19692400749146155,0.4308320963521898,0.2428055703639984,3614.3808478450183
