allele,allele_size,tool,r2,PCC,tau,MAE,MSE,RMSE
HLA-A_0101,51,netmhcpan,0.6302075150234536,0.8318232342252125,0.3703421484500818,0.11171508412297232,0.02189857040524194,0.1479816556375889
HLA-A_0101,51,ann,0.6390883556088411,0.8353341150447937,0.4032614505345335,0.11001177201544844,0.02137266000760589,0.14619391234796986
HLA-A_0101,51,smmpmbec,-0.13302619642466995,0.5900847761819534,0.34236074167829783,0.199678957762358,0.06709615511781633,0.2590292553319341
HLA-A_0101,51,smm,-0.04440472265726236,0.6015659889043462,0.34236074167829783,0.19112294272820649,0.06184812098636295,0.2486928245574507
HLA-A_0101,51,mhcflurry,0.3203015901291123,0.6381754317474545,0.3588203927205237,0.15939319828824305,0.0402507462633608,0.20062588632417505
HLA-A_0101,51,VRAPERNet,0.6438742490059405,0.8108688383087382,0.4723919849118821,0.10369199580048434,0.02108924639655046,0.14522137031632246
HLA-A_0201,426,netmhcpan,0.6242197029230918,0.8094066724455106,0.5813284412207345,0.2226431173431712,0.06978115417432704,0.2641612276136054
HLA-A_0201,426,ann,0.5704491240019405,0.7758600257639742,0.5477958572456376,0.2407388150198264,0.07976617224719247,0.2824290570164346
HLA-A_0201,426,smmpmbec,0.4893135948589936,0.7327778282186269,0.5547430502596261,0.26505325617992626,0.09483277076813844,0.3079492990219956
HLA-A_0201,426,smm,0.4882181936643206,0.7326666181420273,0.5553995377428843,0.2655981633740994,0.09503618313499963,0.3082793913562819
HLA-A_0201,426,mhcflurry,0.4590889948266841,0.7051544575545733,0.5259833982636328,0.27739068185824794,0.1004453786965427,0.3169311892139092
HLA-A_0201,426,VRAPERNet,0.7048463949177103,0.9072801906892306,0.6682006391988844,0.18789395333264747,0.054809045023295686,0.23411331662956655
HLA-A_0202,152,netmhcpan,0.15431914590330265,0.8394596424980575,0.4011588060007481,0.2460929970053977,0.07419286056277875,0.272383664272986
HLA-A_0202,152,ann,0.030874937511538688,0.8376194138531766,0.4149959235045957,0.2660575236956751,0.08502280769487443,0.2915867069927476
HLA-A_0202,152,smmpmbec,-0.23985607669666265,0.7299178848617084,0.4210661805960341,0.3008037792502765,0.1087744490970245,0.3298097164988086
HLA-A_0202,152,smm,-0.2450100835874651,0.7335779378674367,0.4298898641793541,0.3024794587465227,0.1092266179178468,0.3304945051250426
HLA-A_0202,152,mhcflurry,-0.3842593278899555,0.8128616061820352,0.3671292358874657,0.3298553932153537,0.12144316475813473,0.3484869649759295
HLA-A_0202,152,VRAPERNet,0.3025165631136849,0.7969433455191108,0.3922667861553797,0.20789079512103886,0.061191276977682466,0.2473687065448709
HLA-A_0203,115,netmhcpan,0.15696371926603114,0.8315659384668711,0.25894175473306824,0.2430338485999352,0.07463895486081053,0.27320130830728195
HLA-A_0203,115,ann,0.0931186569936694,0.8453539849952822,0.2903891556234316,0.25599939698656965,0.08029153332028516,0.28335760678034594
HLA-A_0203,115,smmpmbec,-0.2769107340766277,0.7257252074224053,0.3097661862038731,0.2993951557743621,0.1130524092735996,0.3362326713357873
HLA-A_0203,115,smm,-0.2985751375347008,0.7125690468202147,0.3126910082602306,0.30295911904850203,0.11497048619240753,0.3390729806286657
HLA-A_0203,115,mhcflurry,-0.27909997177761703,0.8853696480011088,0.33216473242235833,0.3202293616102453,0.11324623534927153,0.3365207799665149
HLA-A_0203,115,VRAPERNet,0.6977551034593723,0.8878162871869271,0.2661365157152831,0.10809595415945908,0.026759516411518608,0.16358336226987946
HLA-A_0205,27,netmhcpan,0.14335973876308672,0.6843966435615906,0.4987422668511751,0.08622454494390094,0.010931949473168005,0.10455596335536298
HLA-A_0205,27,ann,-0.5855680702070191,0.6536154295930279,0.4987422668511751,0.11798687589119312,0.020234106210165508,0.14224663866034062
HLA-A_0205,27,mhcflurry,-1.5528574768737655,0.5022530129896017,0.4478501988051369,0.14895724437248034,0.032578096328424816,0.18049403405216705
HLA-A_0205,27,VRAPERNet,0.2303896841723744,0.6055358184391494,0.4987422668511751,0.07225839929634763,0.009821323450882812,0.0991025905356808
HLA-A_0206,88,netmhcpan,0.4376472350122892,0.9076647773302704,0.4616145868205087,0.23398457078272356,0.07043012643809532,0.2653867487989845
HLA-A_0206,88,ann,0.2927658424838809,0.879921094829083,0.4441746024305957,0.2668376069199301,0.08857534671548849,0.29761610627701
HLA-A_0206,88,smmpmbec,0.21846714110644816,0.838361674714489,0.4218296224310197,0.26378986215183403,0.09788065693711287,0.3128588450677284
HLA-A_0206,88,smm,0.20469310783774808,0.8308905837835399,0.423464620967574,0.2643560403872772,0.0996057429775421,0.31560377529038225
HLA-A_0206,88,mhcflurry,0.03482167477596232,0.8858687549283071,0.4044953193804364,0.3270299253503289,0.12088076330935014,0.34767910968211785
HLA-A_0206,88,VRAPERNet,0.33315953007883736,0.8312901130999918,0.4354546102356392,0.24670120994267164,0.08351636469967877,0.2889919803379996
HLA-A_0301,83,netmhcpan,0.4109202324729409,0.7772555201009869,0.5210086350515785,0.19890884926416355,0.06432347587842549,0.25362073235133104
HLA-A_0301,83,ann,0.41822543329540063,0.7806287806988997,0.5168117875885623,0.1959851849334336,0.06352579798352315,0.25204324625651675
HLA-A_0301,83,smmpmbec,0.08726018628005927,0.6756833694218006,0.4850356567971542,0.2465912070657136,0.09966493610459357,0.3156975389587217
HLA-A_0301,83,smm,0.0763244709705938,0.6685547061164611,0.483237007884433,0.2476569538394084,0.10085904131529312,0.3175831250480622
HLA-A_0301,83,mhcflurry,0.3153980959907535,0.6685099875686334,0.4460649303548612,0.2129274291272122,0.07475383893037907,0.27341148280637195
HLA-A_0301,83,VRAPERNet,0.21917345904829244,0.8035867398683675,0.5887577440974109,0.2269900691274704,0.08526091022101599,0.29199470923462983
HLA-A_1101,93,netmhcpan,0.4398337758221211,0.8347973239681771,0.4973664593438472,0.2443021304580583,0.08633106441936991,0.29382148393092344
HLA-A_1101,93,ann,0.42541214104043396,0.8386803261736425,0.5360426562771762,0.2496974520602029,0.08855368161339605,0.2975797063198296
HLA-A_1101,93,smmpmbec,0.21144874412002326,0.7891792062548333,0.4751983952479147,0.30007044415893497,0.12152905036225795,0.3486101696196741
HLA-A_1101,93,smm,0.213184096752466,0.7865525581903231,0.4728400905568581,0.2992146400474486,0.12126160324846308,0.34822636782481464
HLA-A_1101,93,mhcflurry,0.2327350563766569,0.7581007418668034,0.4099212684924719,0.28816647071247314,0.11824847057118736,0.3438727534585829
HLA-A_1101,93,VRAPERNet,0.6656218208642304,0.9122435842911242,0.650184603324318,0.17111075009117915,0.051533317928563735,0.2270095106566325
HLA-A_2402,70,netmhcpan,0.424435239590363,0.8044914693884474,0.5743867734881125,0.17274608858269552,0.053727215592203885,0.2317913190613572
HLA-A_2402,70,ann,0.20954776677188947,0.7227823344729537,0.5101376936795988,0.20144446784530234,0.07378630602707525,0.27163634886935745
HLA-A_2402,70,smmpmbec,0.12432330127161315,0.6943352051675016,0.5161342744617268,0.2242563619374788,0.08174175004766616,0.2859051416950492
HLA-A_2402,70,smm,0.1438455135749359,0.6962588571015935,0.5255574728336422,0.2202771920379591,0.07991941104881763,0.2827002140940428
HLA-A_2402,70,mhcflurry,0.2807175354391106,0.6285248163098457,0.4587384298327878,0.1927110903275729,0.0671428251056414,0.2591193259979684
HLA-A_2402,70,VRAPERNet,0.5875060929906673,0.8724947964020241,0.7011716243102462,0.13840214862174038,0.03850504860059158,0.19622703330731875
HLA-A_2902,47,netmhcpan,0.4949356420181797,0.8211953785838674,0.5598604354485543,0.2350272472175527,0.12381022869842748,0.3518667769176674
HLA-A_2902,47,ann,0.4728204966890048,0.8072261636974419,0.5283190024655372,0.23183383443456834,0.1292314807777569,0.3594878033783023
HLA-A_2902,47,smmpmbec,0.31214658840735365,0.7204264060680957,0.5260660429667503,0.2954688828228258,0.16861868562767315,0.4106320562592175
HLA-A_2902,47,smm,0.3136710258086779,0.7229218617357466,0.5193071644703894,0.2949924995651688,0.16824498881000702,0.4101767775118516
HLA-A_2902,47,mhcflurry,0.3399814190586735,0.711772160234146,0.5102953264752417,0.3051920297799233,0.1617953240218519,0.4022378948108344
HLA-A_2902,47,VRAPERNet,0.8664729494360199,0.9586734150635824,0.6297021799109495,0.10729355899533544,0.032732491229064166,0.1809212293487532
HLA-A_3001,77,netmhcpan,-3.2892187376805992,0.7172419296150838,0.4202428318206541,0.3403526290474246,0.13143044949225202,0.3625333770734111
HLA-A_3001,77,ann,-2.4812564266490917,0.7362813516855397,0.3675842507788472,0.30220583968704284,0.10667282900095187,0.3266080663439773
HLA-A_3001,77,smmpmbec,-4.671996555922789,0.6209358844042391,0.32791934557852503,0.3926341909575508,0.17380159475535467,0.4168951843753471
HLA-A_3001,77,smm,-4.59289738015149,0.613821192571733,0.31560954741290786,0.3889942664447079,0.1713778339583686,0.4139780597548239
HLA-A_3001,77,mhcflurry,-8.382604713735,0.4675426197303847,0.2971448501644821,0.50891595866022,0.2875022306745649,0.536192344848903
HLA-A_3001,77,VRAPERNet,-0.9311882420389485,0.5750156081965608,0.24517014679854274,0.1849107476418172,0.05917556418271705,0.2432602807338614
HLA-A_3002,93,netmhcpan,0.14804546918498684,0.7979352859469967,0.5744431186692599,0.2633470144167155,0.11120948369118157,0.3334808595574588
HLA-A_3002,93,ann,-0.07592104101386732,0.7366100379453306,0.4273818728790351,0.29681086953622426,0.14044484668585114,0.3747597186009339
HLA-A_3002,93,smmpmbec,-0.08278899106477078,0.7067957833634472,0.4673596872686108,0.3054199195715125,0.14134135131321324,0.3759539217952291
HLA-A_3002,93,smm,-0.0834102734455946,0.7131140372396486,0.4790758793780456,0.3065349522964385,0.14142245011637564,0.3760617636989643
HLA-A_3002,93,mhcflurry,-0.18967422163974,0.6692318975385186,0.3812170157863109,0.31016789619255364,0.15529356457873109,0.39407304472487215
HLA-A_3002,93,VRAPERNet,0.4316233800685175,0.8139670262279575,0.5963357313111703,0.21695726754716335,0.0741927745653879,0.27238350641216863
HLA-A_3101,74,netmhcpan,0.7283372525374646,0.9610600918485248,0.6412382468273533,0.20842309075641707,0.06409838728067256,0.2531765930742267
HLA-A_3101,74,ann,0.7135506492557058,0.9510258810964198,0.6207855169723931,0.21496402663579275,0.06758726248558286,0.25997550362598176
HLA-A_3101,74,smmpmbec,0.604174994520146,0.8926932141709412,0.6343415269769284,0.2662077984008001,0.09339427188161306,0.3056047641670742
HLA-A_3101,74,smm,0.6064790491643174,0.8933936030351828,0.6295570528576806,0.2661039803646373,0.09285063390298924,0.3047140198661513
HLA-A_3101,74,mhcflurry,0.5317577875968349,0.8971375366175051,0.6252870466575188,0.2827454553380825,0.11048099510189983,0.3323868154754335
HLA-A_3101,74,VRAPERNet,0.8205307828459039,0.9581661491014278,0.6805914434629898,0.16557383467630796,0.04234547244166716,0.20578015560706325
HLA-A_3201,37,netmhcpan,-1.8603382694975616,0.8413962747319801,0.2749812947398745,0.29578141724821666,0.09414415716756604,0.30682919868807473
HLA-A_3201,37,ann,-1.4714028912739177,0.8893178689048391,0.2749812947398745,0.2747918598431737,0.0813428763659267,0.2852067256674125
HLA-A_3201,37,smmpmbec,-2.369842932234917,0.7363404629010991,0.25394447437726114,0.31795855781685683,0.11091381254639614,0.3330372539917961
HLA-A_3201,37,smm,-2.381699974021234,0.7377748696785666,0.2689707746362707,0.31888630569680443,0.11130407100546626,0.33362264762073074
HLA-A_3201,37,mhcflurry,-4.5380022410600285,0.6051931837606885,0.18181823313401535,0.41883587510071707,0.18227583741984146,0.42693774419678737
HLA-A_3201,37,VRAPERNet,-1.5166256771644997,0.6761551715299254,0.19684453339302488,0.2557425287603617,0.08283132306743728,0.28780431384438504
HLA-A_3301,57,netmhcpan,0.7538138807728677,0.9483255280440448,0.35312108436869016,0.09742676881230024,0.022871795318572453,0.15123423990146032
HLA-A_3301,57,ann,0.7196512423429648,0.9239904929762056,0.3511483408805969,0.10513244525051628,0.02604565774495178,0.16138667152200575
HLA-A_3301,57,smmpmbec,0.5781797827950281,0.8556413658023638,0.3117911653606291,0.1355725178325766,0.03918899123734432,0.19796209545603505
HLA-A_3301,57,smm,0.566834701679362,0.8543951146840221,0.3068577608454293,0.13471884064266676,0.04024300018782751,0.20060658061944905
HLA-A_3301,57,mhcflurry,0.7071238576906288,0.9303090466635601,0.4201943629638603,0.09715316191197514,0.0272095079999733,0.1649530478650616
HLA-A_3301,57,VRAPERNet,0.9182611172453811,0.9663360967143352,0.5957685334041588,0.035910143812538584,0.007593909038419899,0.08714303780807678
HLA-A_6801,85,netmhcpan,0.6727346796302018,0.8960320117048051,0.6115354872094642,0.18671286478648685,0.05911494589337639,0.243135653274826
HLA-A_6801,85,ann,0.6532446743158755,0.8959227478641982,0.6132294043626292,0.20096803936180369,0.06263548576700594,0.25027082484182195
HLA-A_6801,85,smmpmbec,0.6086718017575461,0.8798661653077682,0.6446584643270865,0.21470053040739714,0.07068682144357757,0.2658699333199931
HLA-A_6801,85,smm,0.5943210415148306,0.8732089569058485,0.6337417880149522,0.22182739887975772,0.07327904360240074,0.2707010225366737
HLA-A_6801,85,mhcflurry,0.4389874467352105,0.8291888873241686,0.5506404551341207,0.25154458876496993,0.10133743072525554,0.3183354060189591
HLA-A_6801,85,VRAPERNet,0.8134985855803181,0.9429199924935762,0.7275807370134209,0.13990500292380384,0.03368832667634868,0.1835438004301662
HLA-A_6802,105,netmhcpan,0.7298424038815247,0.9350133018821932,0.5605357519687313,0.1755004493621832,0.05374720851595336,0.23183444203990344
HLA-A_6802,105,ann,0.7246399756428384,0.9273900817573241,0.5458717031666399,0.17872652449146184,0.05478221918880274,0.2340560172027259
HLA-A_6802,105,smmpmbec,0.5539919457656222,0.866406385859842,0.573706598939662,0.2363405872395601,0.08873223716506996,0.2978795682235859
HLA-A_6802,105,smm,0.5505321029958545,0.8665178629289327,0.5841658009459895,0.2376611805963388,0.08942056462078796,0.29903271496742284
HLA-A_6802,105,mhcflurry,0.5609365121693303,0.8789059402110011,0.4524573312366815,0.23440856091279005,0.08735063226513114,0.29555140376105665
HLA-A_6802,105,VRAPERNet,0.923304363895117,0.9675446183714638,0.6887578210092634,0.07097685792064093,0.015258413626782054,0.12352495143404045
HLA-B_0702,108,netmhcpan,0.3721741228062783,0.6442551912556849,0.461451863289229,0.18811344284839274,0.05300253001838992,0.23022278344766384
HLA-B_0702,108,ann,0.2172043273896533,0.5653964807267025,0.384921792815665,0.21294213817007204,0.06608544286395103,0.2570708907362929
HLA-B_0702,108,smmpmbec,0.1909924940792589,0.5295461083413089,0.3604601264542519,0.22101828676568105,0.06829830718244825,0.2613394481941987
HLA-B_0702,108,smm,0.17788059629351372,0.5175942220416861,0.3359109495231812,0.22486476395374394,0.06940524428273694,0.2634487507708794
HLA-B_0702,108,mhcflurry,0.013278476375166548,0.44579851320722497,0.32236981740576576,0.23914664575108116,0.08330134050779081,0.28861971607599995
HLA-B_0702,108,VRAPERNet,0.5913469724457104,0.9036904026997168,0.7120092173054177,0.13009499586975254,0.03449944506407923,0.1857402623667772
HLA-B_0801,38,netmhcpan,0.31044596430326643,0.9063890182481474,0.41986625344234907,0.2947848843012494,0.10877353685550743,0.329808333514342
HLA-B_0801,38,ann,0.388169812750606,0.9080137197401456,0.4745063823149835,0.27501881176766474,0.09651300692459892,0.3106654260206612
HLA-B_0801,38,smmpmbec,-0.06425985627528119,0.8900748308120736,0.5003885486230735,0.3693309375320684,0.16788141712988122,0.4097333488134463
HLA-B_0801,38,smm,-0.051810235941327054,0.884985988658185,0.5147675299053457,0.36750410946332507,0.16591755474038172,0.4073297862179756
HLA-B_0801,38,mhcflurry,-0.19585017944090374,0.7876238671210811,0.2329394967728101,0.3918403072906354,0.1886391012644124,0.4343260310693021
HLA-B_0801,38,VRAPERNet,0.7766656013712478,0.9499762271777036,0.5521528812392535,0.13777156902440096,0.035229831431269,0.1876961145875668
HLA-B_1501,33,netmhcpan,-3.9956992525444575,-0.006102622783275313,0.1628787878787879,0.3564192359450409,0.13872218735259234,0.3724542755192808
HLA-B_1501,33,ann,-4.048413237040537,0.01227455235427145,0.1590909090909091,0.35822291489516506,0.14018596626795482,0.3744141640856484
HLA-B_1501,33,smmpmbec,-6.207927177038861,0.001097795021867879,0.16492898404304535,0.4369848345948553,0.20015204553551708,0.44738355528060825
HLA-B_1501,33,smm,-6.2055182718577,-0.04279421432160085,0.12878787878787878,0.4364982676165061,0.2000851542798664,0.447308790747361
HLA-B_1501,33,mhcflurry,-6.690689810255092,-0.16809278356340407,-0.022727272727272728,0.4541595401411197,0.2135575539671432,0.4621228775630386
HLA-B_1501,33,VRAPERNet,-24.054574685773183,-0.01465781468049511,-0.10984848484848483,0.8188547412699714,0.6957235069403161,0.8341004177797275
HLA-B_1503,72,netmhcpan,-20.30844995480541,0.25034813688333185,0.1527615039843995,0.29832956391191057,0.09618256080854064,0.31013313400625325
HLA-B_1503,72,ann,-19.931253154851717,0.21583443562196367,0.16372899657815124,0.2980617758414754,0.09447996140664698,0.30737592847626666
HLA-B_1503,72,smmpmbec,-17.915508875746692,0.2662109709233973,0.1739130968437779,0.2721438852596095,0.0853812495289318,0.2922007007673524
HLA-B_1503,72,smm,-17.627349414247266,0.23723465542333724,0.15746185795315026,0.2686102503504437,0.08408054886853608,0.28996646162709244
HLA-B_1503,72,mhcflurry,-56.13406419400959,0.2470033657156527,0.08576467787731926,0.5010808593580856,0.2578930243745914,0.5078316890216594
HLA-B_1503,72,VRAPERNet,-10.19524798772018,-0.015090680602621713,-0.11474452337011208,0.18412245923941156,0.050533362240304816,0.2247962682971068
HLA-B_2704,30,netmhcpan,0.0012501270623602734,0.6163088702826528,0.3240074735432462,0.06595656935770887,0.0064714570573666105,0.08044536691051021
HLA-B_2704,30,mhcflurry,-28.05334920445245,0.028393272158873176,0.040205306936023255,0.4248159586568013,0.1882528417212924,0.4338811377800289
HLA-B_2704,30,VRAPERNet,0.8403994006610029,0.9197753467756128,0.754440759564201,0.021660255386081517,0.0010341412328938363,0.03215806637367733
HLA-B_2705,188,netmhcpan,-0.8383404168279585,0.4105575542333104,0.2810481746923179,0.17531600797414146,0.04577713390134653,0.2139559157895536
HLA-B_2705,188,ann,-0.9099067011815908,0.4257889855539799,0.2938431850325873,0.1755047645005269,0.04755923005268446,0.2180807879036676
HLA-B_2705,188,smmpmbec,-0.6947148696214309,0.3694293460490031,0.2782836348550837,0.1614230911698309,0.04220066577501763,0.2054280063063886
HLA-B_2705,188,smm,-0.7241666206715921,0.3544553686176066,0.258806126800984,0.1616522315664536,0.04293405374772983,0.2072053419864696
HLA-B_2705,188,mhcflurry,-1.5544807057497945,0.22361337142311397,0.17287885075228435,0.2074496883765812,0.06360998444308158,0.2522101989275643
HLA-B_2705,188,VRAPERNet,-0.11307294366866437,0.6216490421571017,0.4644361108125441,0.13021497272520555,0.027717004270735604,0.16648424631398492
HLA-B_2706,26,netmhcpan,0.4817967086412339,0.7811294717150455,0.4424537483470294,0.07885232850091306,0.010709336662562262,0.10348592494905896
HLA-B_2706,26,mhcflurry,-4.820206743205318,0.7721167669357342,0.3520252450352277,0.3336959661391968,0.12028204856681952,0.3468170246207927
HLA-B_2706,26,VRAPERNet,0.09485065581642294,0.6823962902993543,0.5199638940428594,0.10213692187027293,0.01870607388722328,0.13677014983988015
HLA-B_3501,96,netmhcpan,0.5354761861462933,0.8020530407767117,0.4344243760883361,0.21289916988379784,0.06661595972939813,0.2581006775066624
HLA-B_3501,96,ann,0.2242655896474558,0.6250063396934123,0.35671143517601805,0.27947581864758403,0.1112457331563802,0.33353520527281705
HLA-B_3501,96,smmpmbec,0.15786733333921332,0.5653620611516409,0.3696288204556012,0.3026836705907928,0.12076770692051783,0.3475164843867379
HLA-B_3501,96,smm,0.1676542332796167,0.5645512397243293,0.3687250825082769,0.2974800479192774,0.11936419710495673,0.3454912402723935
HLA-B_3501,96,mhcflurry,0.13891201378622264,0.5184008510104117,0.2785466748397912,0.30018303935694884,0.12348603215238113,0.3514057941360403
HLA-B_3501,96,VRAPERNet,0.6789174687033758,0.8698496037013514,0.5844284248260663,0.16061820925355158,0.046045477835083136,0.21458210045360995
HLA-B_3801,177,netmhcpan,-5.216787381013544,0.20005260891995924,0.3087603873982492,0.4227483494102991,0.2104901219621885,0.4587920247369046
HLA-B_3801,177,ann,-5.797694071121883,0.15591846219868036,0.2707116469028779,0.4446302962739753,0.2301586601565284,0.4797485384621077
HLA-B_3801,177,smmpmbec,-6.2553491393535765,0.3292143106318738,0.1995049891141242,0.4623845969628852,0.2456541026133361,0.4956350498232909
HLA-B_3801,177,smm,-6.656925689076202,0.3921727949847136,0.2561070720897906,0.479460316812829,0.2592508193333615,0.5091667893071596
HLA-B_3801,177,mhcflurry,-3.058319826732496,0.25310758368029523,0.259656945272466,0.3346242427188858,0.1374079863016357,0.37068583234544544
HLA-B_3801,177,VRAPERNet,-1.589560060178338,0.4186746514967861,0.2989911161899781,0.2608649945980071,0.08767821376038194,0.2961050721625382
HLA-B_4403,72,netmhcpan,0.20389759380257436,0.6325235180251728,0.30367573222868416,0.12724189960209867,0.02519278071771677,0.1587223384332425
HLA-B_4403,72,ann,-0.14256678349225238,0.575335042792412,0.3476753208569023,0.1599914903699672,0.036156698193333975,0.1901491472327288
HLA-B_4403,72,smmpmbec,-0.7213282087347666,0.4325992535997438,0.2911044211920504,0.20447343775519064,0.05447169078788221,0.23339171105221845
HLA-B_4403,72,smm,-0.8164111029451999,0.4044208503933943,0.19917670923666608,0.20252170739595587,0.05748060331622254,0.2397511278726808
HLA-B_4403,72,mhcflurry,-1.4403625211170183,0.3031079355630444,0.1716769663440297,0.2158575986667544,0.07722564005288182,0.2778950162433321
HLA-B_4403,72,VRAPERNet,0.6254989099068621,0.8476713610088696,0.5763160403356787,0.08403706843567946,0.01185114348080817,0.10886295733998856
HLA-B_5101,36,netmhcpan,0.4416770269424492,0.8430439249167326,0.4254528187826484,0.16382946639145368,0.04213355659409642,0.2052646014150916
HLA-B_5101,36,ann,0.4447287639811792,0.8634699304973399,0.444446248192588,0.1648578695689821,0.04190325882481874,0.20470285495033708
HLA-B_5101,36,smmpmbec,0.27115766252404205,0.7602482048349534,0.4216541329006605,0.18014493760056613,0.055001712908294385,0.2345244398954923
HLA-B_5101,36,smm,0.2914111345026892,0.7428533897629831,0.4029806564243909,0.17412770111371034,0.053473295040825916,0.2312429351154883
HLA-B_5101,36,mhcflurry,0.4106588826357942,0.6794034867741869,0.36847253055282936,0.16756793719448862,0.044474324933667465,0.210889366573252
HLA-B_5101,36,VRAPERNet,0.7161570841335019,0.9120157771754228,0.6609713434659001,0.08108828273358865,0.021420059959205196,0.14635593585230902
HLA-B_5301,113,netmhcpan,0.6105475281494008,0.8288955975219477,0.5157471638771459,0.16554486605491633,0.051179358451068635,0.2262285535715345
HLA-B_5301,113,ann,0.566015783996928,0.7868697954403692,0.4877296782341165,0.1759415276720759,0.05703143607584488,0.2388125542676617
HLA-B_5301,113,smmpmbec,0.3622114921596937,0.6222575590423368,0.49690387414116205,0.2356483652031456,0.08381409547518068,0.2895066415044405
HLA-B_5301,113,smm,0.3613610025161369,0.6140923765079045,0.4860352710380328,0.23265113524874564,0.08392586139650014,0.2896996054476087
HLA-B_5301,113,mhcflurry,0.3302674321236544,0.6156492712394004,0.435237147661544,0.2412870873515816,0.08801197998519115,0.2966681310575694
HLA-B_5301,113,VRAPERNet,0.8384739204385393,0.9411606008918972,0.7743453359616593,0.0901997980759742,0.021226726552253387,0.14569394823483026
HLA-B_5401,44,netmhcpan,0.6900034731874676,0.9172294607872438,0.6520317713952505,0.16570479263992455,0.055320818668095184,0.2352037811517816
HLA-B_5401,44,ann,0.7535550864537794,0.9376405906704596,0.6199458494285247,0.1498723524731164,0.043979635882209794,0.20971322295508646
HLA-B_5401,44,smmpmbec,0.5893139947008361,0.8715543026685645,0.7001606543453393,0.19289362635730428,0.07328948573162185,0.2707203090490661
HLA-B_5401,44,smm,0.6098623822213429,0.8775891615347801,0.7188755227121646,0.18313981659803671,0.06962249748619821,0.2638607539711016
HLA-B_5401,44,mhcflurry,0.4666902470655448,0.812311099054571,0.4893103099925694,0.2510125526483047,0.09517246028325793,0.3085003408154648
HLA-B_5401,44,VRAPERNet,0.8811758538980691,0.9487387368663609,0.7872510139693095,0.08510777029029082,0.02120491189848525,0.14561906433734992
HLA-B_5701,65,netmhcpan,0.5680180660751406,0.7688014528639607,0.4900216539819658,0.16267095249294247,0.03701320485302586,0.19238816193577468
HLA-B_5701,65,ann,0.3943770362737457,0.6723536685701961,0.3524885891744661,0.1952776665349321,0.0518911673375573,0.2277963286305495
HLA-B_5701,65,smmpmbec,0.25922256719538816,0.5573650802269321,0.2755470144569837,0.214801104936216,0.06347151285188926,0.2519355331268085
HLA-B_5701,65,smm,0.23654722303881914,0.539609680182479,0.28324117192873194,0.21879087436595795,0.0654143884503071,0.2557623671502653
HLA-B_5701,65,mhcflurry,-0.10034906205166803,0.4386535075321841,0.3072854140279452,0.25409966358797736,0.09428043639120692,0.3070511950655899
HLA-B_5701,65,VRAPERNet,0.8037521560203501,0.9005143606561695,0.7516230080214058,0.072631522849138,0.016814966276915942,0.12967253478248947
HLA-B_5801,49,netmhcpan,0.3731624399272312,0.7237520386282179,0.4808926426228899,0.20254976257241508,0.0654994212309936,0.25592854712007723
HLA-B_5801,49,ann,0.29523551383092594,0.7207559947100126,0.4791720964954378,0.21462375780128495,0.07364215051643377,0.27137087263822873
HLA-B_5801,49,smmpmbec,0.26930385234655785,0.7213941279483961,0.4740104581130812,0.22430014973823828,0.07635179800243794,0.27631829111088163
HLA-B_5801,49,smm,0.13384634800945894,0.6697250270478932,0.4423684765908929,0.2374858134069863,0.09050600429225376,0.3008421584357049
HLA-B_5801,49,mhcflurry,0.07042870160527259,0.5817140566381267,0.3277640372796441,0.2443799741375903,0.0971326319863948,0.31166108513318563
HLA-B_5801,49,VRAPERNet,0.9214762092104134,0.966758148184234,0.8869415287016092,0.04595535619403315,0.008205096786134632,0.09058198930325297
Total allele,2827,netmhcpan,0.5733182143006774,0.8156551993499032,0.5439254449731172,0.22167329922677761,0.07501266659557147,0.2738844037099803
Total allele,2771,ann,0.5203825479982627,0.7818348849601043,0.5144757151360141,0.2383191563082331,0.08452816317436161,0.2907372751718665
Total allele,2744,smmpmbec,0.41218079707970834,0.7264970458326687,0.5078498951758927,0.2695907576711107,0.10432682582772147,0.32299663439070303
Total allele,2744,smm,0.40493530896921015,0.7236011617430829,0.5067655476423267,0.2707517758010558,0.10561276336155068,0.3249811738571185
Total allele,2827,mhcflurry,0.35803495729544843,0.6647895080103905,0.45498991597419797,0.28403894217768194,0.11286047665588177,0.3359471337217833
Total allele,2827,VRAPERNet,0.7045187756517058,0.8793745657312516,0.6598478402693189,0.16231021831876896,0.051946990263393,0.22791882384610754
