seq #,peptide,start,end,peptide length,allele,peptide index,median binding percentile,netmhcpan_ba core,netmhcpan_ba icore,netmhcpan_ba IC50,netmhcpan_ba percentile,ann IC50,ann percentile,smmpmbec IC50,smmpmbec percentile,smm IC50,smm percentile,mhcflurry IC50,mhcflurry percentile
1,KLVVVGAVGV,1,10,10,HLA-A*02:01,1,1.3,KLVVGAVGV,KLVVVGAVGV,174.89,1.2,300.18,2.1,102.75903093107509,1.3,156.12771368448506,1.9,52.25,0.3
2,LLVVVGARGV,1,10,10,HLA-A*02:01,2,3.2,LLVVVGAGV,LLVVVGARGV,383.56,2,613.84,3.2,374.81762114360276,3.6,484.7077904917272,4.5,290.06,2
3,YLVVVGAAGV,1,10,10,HLA-A*02:01,3,0.59,YLVVGAAGV,YLVVVGAAGV,58.75,0.47,65.58,0.59,37.30954906051542,0.6,49.258365851145996,0.7,37.16,0.15
4,YLVVVGADGV,1,10,10,HLA-A*02:01,4,1.2,YLVVGADGV,YLVVVGADGV,82.77,0.63,140.49,1.2,87.86582679744987,1.3,134.42498602520783,1.7,68.36,0.46
5,YLVVVGASGV,1,10,10,HLA-A*02:01,5,0.89,YLVVGASGV,YLVVVGASGV,84.01,0.64,108.99,0.89,62.20424167268146,0.9,86.59244451474603,1.2,41.2,0.17
6,YLVVVGAVGV,1,10,10,HLA-A*02:01,6,0.6,YLVVGAVGV,YLVVVGAVGV,59.19,0.48,79.21,0.71,38.53186233606172,0.6,61.02109547446375,0.9,39.06,0.16
7,EAAGIGILTV,1,10,10,HLA-A*02:01,7,13,EAAGIILTV,EAAGIGILTV,6687.84,9.7,5322.6,13,1844.250882727236,13,2220.6494164111296,14,3740.17,6.3
8,ELAGIGILTV,1,10,10,HLA-A*02:01,8,1.6,ELAGGILTV,ELAGIGILTV,215.85,1.4,253.92,1.8,124.11377924071789,1.6,145.70686026964728,1.8,83.55,0.65
9,EMAGIGILTV,1,10,10,HLA-A*02:01,9,1.7,EMAGGILTV,EMAGIGILTV,190.98,1.3,233.52,1.7,147.17024064056125,1.8,172.3772706532325,2.1,74.01,0.58
10,EIAGIGILTV,1,10,10,HLA-A*02:01,10,6.1,EIAGGILTV,EIAGIGILTV,1338.13,3.8,1929.12,6.3,729.1552380615279,6.1,871.9267466519077,7.1,588.36,2.8
11,EVAGIGILTV,1,10,10,HLA-A*02:01,11,8.3,EVAGGILTV,EVAGIGILTV,2083.09,4.7,3152.47,8.4,1085.9754311778763,8.3,1313.6509977029812,9.4,822.93,3.3
12,ELAGIGILTL,1,10,10,HLA-A*02:01,12,3.7,ELAGGILTL,ELAGIGILTL,869.61,3,819.39,3.7,396.1138247863702,3.9,479.15938629492524,4.5,236.9,1.7
13,ELAGIGILTA,1,10,10,HLA-A*02:01,13,5.6,ELAGIILTA,ELAGIGILTA,1541.67,4.1,1597.3,5.6,801.3458644824315,6.6,978.3179005429128,7.7,459.66,2.5
14,ELAGIGILTI,1,10,10,HLA-A*02:01,14,4,ELAGGILTI,ELAGIGILTI,1040.47,3.3,905.68,4,463.2548768622114,4.4,561.6684119737977,5,256.87,1.8
15,ELAGIGILTM,1,10,10,HLA-A*02:01,15,6.5,ELAGGILTM,ELAGIGILTM,2573.38,5.3,2143.78,6.7,792.172934224647,6.5,949.4672736115787,7.6,1146.3,3.8
16,EMAGIGILTL,1,10,10,HLA-A*02:01,16,3.9,EMAGGILTL,EMAGIGILTL,740.33,2.8,875.43,3.9,469.6993941486398,4.4,566.8654658026629,5,275.64,1.9
17,EMAGIGILTA,1,10,10,HLA-A*02:01,17,6,EMAGIILTA,EMAGIGILTA,1220.25,3.6,1796.83,6,950.2108825762632,7.6,1157.3907310520633,8.6,465.18,2.5
18,EMAGIGILTI,1,10,10,HLA-A*02:01,18,4.2,EMAGGILTI,EMAGIGILTI,878.6,3,980.84,4.2,549.3131554192361,4.9,664.4770719031636,5.7,281.72,2
19,EMAGIGILTM,1,10,10,HLA-A*02:01,19,7.2,EMAGGILTM,EMAGIGILTM,2293.04,5,2397.96,7.2,939.3339085474654,7.5,1123.2592404835714,8.5,1461.42,4.1
20,LLPMSLHWFI,1,10,10,HLA-A*02:01,20,1.5,LLMSLHWFI,LLPMSLHWFI,16.25,0.15,7.89,0.06,158.42364453109616,1.9,125.16416314772412,1.6,188.64,1.5
21,LLFAKFSFLI,1,10,10,HLA-A*02:01,21,0.45,LLFAKSFLI,LLFAKFSFLI,16.6,0.16,20.79,0.19,48.95758650966036,0.7,45.02772447771864,0.7,67.63,0.45
22,RQLLFSLLAV,1,10,10,HLA-A*02:01,22,0.7,RLLFSLLAV,RQLLFSLLAV,14,0.14,50.7,0.46,48.95758650966033,0.7,46.18277234528978,0.7,188.95,1.5
23,SLNVDTAFPL,1,10,10,HLA-A*02:01,23,1.4,SLNDTAFPL,SLNVDTAFPL,23.77,0.21,33.75,0.3,106.61541457291273,1.4,124.30253910918107,1.6,291.43,2
24,TLAGHVYEYI,1,10,10,HLA-A*02:01,24,0.37,TLAGHVYYI,TLAGHVYEYI,26.57,0.25,25.25,0.22,118.25513276303427,1.5,121.19368757341174,1.6,59.64,0.37
25,KLIASILYQA,1,10,10,HLA-A*02:01,25,0.26,KLASILYQA,KLIASILYQA,22.74,0.2,26.27,0.23,59.816362559995305,0.9,66.4477071903163,1,46.54,0.26
26,FLIHSSTGLI,1,10,10,HLA-A*02:01,26,0.68,FLIHSSTGI,FLIHSSTGLI,33.25,0.31,74.09,0.68,115.82971826456809,1.5,110.02211770714365,1.5,52.14,0.29