allele,peptide,measurement_value,measurement_inequality,measurement_type,measurement_source,pep_len,Normalized_QM,VRAPERNet_BAV_Normalized,VRAPERNet_BAV
HLA-B*07:02,AARHKHQVM,64.8,=,quantitative,Buus - purified MHC/direct/fluorescence,9,0.6144740221369906,0.5457101464271545,136.36232430951256
HLA-B*07:02,AARRHRVPV,795.0,=,quantitative,kim2014,9,0.3827653451756173,0.6897790431976318,28.689235186033816
HLA-B*07:02,AASCGGAVF,843.009251,=,quantitative,kim2014,9,0.3773460273625597,0.30217963457107544,1901.240099672554
HLA-B*07:02,ACREQQLPV,798.17,=,quantitative,Buus - purified MHC/direct/fluorescence,9,0.382397547187146,0.29683035612106323,2014.5268705198291
HLA-B*07:02,AEMKTDAAT,25021.678162,=,quantitative,kim2014,9,0.0639828665264236,0.09087039530277252,18705.647350761305
HLA-B*07:02,AIIRILQQL,17552.635444,=,quantitative,kim2014,9,0.09675049446709504,0.30854475498199463,1774.7102420839344
HLA-B*07:02,AKYEICLEK,20000.0,=,quantitative,Buus - purified MHC/direct/fluorescence,9,0.08468664586171759,0.08602195233106613,19713.12295095699
HLA-B*07:02,ALDLSHFLK,1424.8886,=,quantitative,kim2014,9,0.32883570038846754,0.10180708020925522,16618.108425126877
HLA-B*07:02,ALFHKVQSY,20000.0,=,quantitative,Buus - purified MHC/direct/fluorescence,9,0.08468664586171759,0.09251697361469269,18375.345789031602
HLA-B*07:02,ALIVAIWDK,20000.0,=,quantitative,Buus - purified MHC/direct/fluorescence,9,0.08468664586171759,0.09508845955133438,17871.13704182154
HLA-B*07:02,ALMEVTHVL,73.1,=,quantitative,Buus - purified MHC/competitive/fluorescence,9,0.6033349063224678,0.27312421798706055,2603.559436199647
HLA-B*07:02,APAGAKFPI,4.281421,=,quantitative,kim2014,9,0.8655901326617751,0.7527904510498047,14.508758614275278
HLA-B*07:02,APAICHEGKA,2010.0,=,quantitative,Sette - purified MHC/competitive/radioactivity,10,0.2970382755428459,0.3888097405433655,744.6714369800826
HLA-B*07:02,APATKNLPS,1169.0,=,quantitative,kim2014,9,0.3471304331947246,0.4830702841281891,268.55746525792915
HLA-B*07:02,APITTTTTV,13.434433,=,quantitative,kim2014,9,0.7599007142577627,0.5896320343017578,84.78260600387408
HLA-B*07:02,APRALLLLL,2099.0,=,quantitative,Buus - purified MHC/direct/fluorescence,9,0.2930339126410719,0.8103784918785095,7.780827350825591
HLA-B*07:02,APSMTMRCI,47.8,=,quantitative,Sette - purified MHC/competitive/radioactivity,9,0.6425965913673825,0.6483837366104126,44.89875253009484
HLA-B*07:02,APSYGMRCVG,479.0,=,quantitative,Sette - purified MHC/competitive/radioactivity,10,0.429590844176222,0.5179448127746582,184.14624406647442
HLA-B*07:02,ASEELMDKY,20000.0,=,quantitative,Buus - purified MHC/direct/fluorescence,9,0.08468664586171759,0.07633017003536224,21892.573927155503
HLA-B*07:02,ATLMKTSCSK,21600.0,=,quantitative,Sette - purified MHC/competitive/radioactivity,10,0.0775736497250944,0.10293910652399063,16415.80673647115
HLA-B*07:02,ATYTGVFDK,20000.0,=,quantitative,Buus - purified MHC/direct/fluorescence,9,0.08468664586171759,0.09082472324371338,18714.89324679754
HLA-B*07:02,AVASSLLWV,3887.152903,=,quantitative,kim2014,9,0.2360811793150457,0.2004319578409195,5716.7111169828795
HLA-B*07:02,AVDLYHFLK,1277.96810422,=,quantitative,kim2014,9,0.33889341453898697,0.10466732829809189,16111.70005608023
HLA-B*07:02,AVNAATYNR,20000.0,=,quantitative,Buus - purified MHC/direct/fluorescence,9,0.08468664586171759,0.1018044576048851,16618.579987225683
HLA-B*07:02,CPASKKESVI,7.12,=,quantitative,Sette - purified MHC/competitive/radioactivity,10,0.8185815204501792,0.45461130142211914,365.3971328971647
HLA-B*07:02,CPKPHRLTN,10292.228994,=,quantitative,kim2014,9,0.14608745391993114,0.27864816784858704,2452.509068115677
HLA-B*07:02,CPLERFAEL,68.0,=,quantitative,Sette - purified MHC/competitive/radioactivity,9,0.6100190231018134,0.59874427318573,76.82253330130426
HLA-B*07:02,DGAEGINPY,8580.0,=,quantitative,Buus - purified MHC/direct/fluorescence,9,0.16290436325002222,0.11224281787872314,14843.775245202783
HLA-B*07:02,DIKLIDIAL,20000.0,=,quantitative,Buus - purified MHC/direct/fluorescence,9,0.08468664586171759,0.11746666580438614,14028.06162987856
HLA-B*07:02,DPHGPVQLSYYD,38413.666267,=,quantitative,kim2014,12,0.024363689333557148,0.19723981618881226,5917.605705254637
HLA-B*07:02,DPMVIENGIL,239.0,=,quantitative,Sette - purified MHC/competitive/radioactivity,10,0.4938469709843969,0.2565705478191376,3114.2444283978666
HLA-B*07:02,DTLKVGNTY,20000.0,=,quantitative,Buus - purified MHC/competitive/fluorescence,9,0.08468664586171759,0.08856440335512161,19178.230300456355
HLA-B*07:02,DYAMHGTVF,8708.5,=,quantitative,Buus - purified MHC/direct/fluorescence,9,0.1615304305964067,0.09041405469179153,18798.23495147271
HLA-B*07:02,EALQRPVASDF,30000.0,=,quantitative,Sette - purified MHC/competitive/radioactivity,11,0.04721220808212079,0.11636335402727127,14196.526392307027
HLA-B*07:02,ELFYILIAK,20000.0,=,quantitative,Buus - purified MHC/direct/fluorescence,9,0.08468664586171759,0.10099319368600845,16765.094916872622
HLA-B*07:02,ETVWPFFYA,5000.0,=,quantitative,Buus - purified MHC/competitive/fluorescence,9,0.21281259490425355,0.10993209481239319,15219.570205197118
HLA-B*07:02,EVEHRTRVR,20000.0,=,quantitative,Buus - purified MHC/direct/fluorescence,9,0.08468664586171759,0.10653658211231232,15789.115461499887
HLA-B*07:02,EVHIYYLEK,20000.0,=,quantitative,Buus - purified MHC/direct/fluorescence,9,0.08468664586171759,0.0909276083111763,18694.071538506665
HLA-B*07:02,EVIRATYPS,5000.0,=,quantitative,Buus - purified MHC/competitive/fluorescence,9,0.21281259490425355,0.12118865549564362,13474.360027948018
HLA-B*07:02,EVKSLFNTV,20000.0,=,quantitative,Buus - purified MHC/competitive/fluorescence,9,0.08468664586171759,0.12049844115972519,13575.362764723846
HLA-B*07:02,FATVGIFAL,4302.706409,=,quantitative,kim2014,9,0.2266939967529984,0.3193145990371704,1579.502368636703
HLA-B*07:02,FGALFMWLL,5000.0,=,quantitative,Buus - purified MHC/competitive/fluorescence,9,0.21281259490425355,0.15282823145389557,9568.298796945899
HLA-B*07:02,FIYFGKKQY,20000.0,=,quantitative,Buus - purified MHC/direct/fluorescence,9,0.08468664586171759,0.11064494401216507,15102.63516639065
HLA-B*07:02,FKVRPQVPL,1300.0,=,quantitative,Sette - purified MHC/competitive/radioactivity,9,0.3373136348107316,0.20317277312278748,5549.671000492894
HLA-B*07:02,FLGSHSEPL,20000.0,=,quantitative,Buus - purified MHC/direct/fluorescence,9,0.08468664586171759,0.2758753299713135,2527.202856986731
HLA-B*07:02,FLLPILSQIYT,20000.0,=,quantitative, - purified MHC/competitive/fluorescence,11,0.08468664586171759,0.10607008635997772,15869.010597706252
HLA-B*07:02,FLRKRRRFF,20000.0,=,quantitative,Buus - purified MHC/direct/fluorescence,9,0.08468664586171759,0.41752639412879944,545.7905379693935
HLA-B*07:02,FMKSRVYSI,20000.0,=,quantitative,Buus - purified MHC/direct/fluorescence,9,0.08468664586171759,0.10396075248718262,16235.345933895735
HLA-B*07:02,FPASFFIKL,14.0,=,quantitative,Sette - purified MHC/competitive/radioactivity,9,0.7560895186347992,0.490613728761673,247.50889380312057
HLA-B*07:02,FPGCSFSIF,19.0,=,quantitative,Sette - purified MHC/competitive/radioactivity,9,0.7278651279380701,0.5635302066802979,112.44974284471245
HLA-B*07:02,FPKAFINIV,151.0,=,quantitative,Groot - purified MHC/direct/fluorescence,9,0.5362862616099915,0.3753788471221924,861.1445580735171
HLA-B*07:02,FPLMAKNEA,237.589084,=,quantitative,kim2014,9,0.4943942010757839,0.4930154085159302,241.16006266513327
HLA-B*07:02,FPQHVITKDV,57.3,=,quantitative,Sette - purified MHC/competitive/radioactivity,10,0.6258425526562127,0.38540953397750854,772.5776936939578
HLA-B*07:02,FPVRPQVPLR,511.883721,=,quantitative,kim2014,10,0.4234542217179236,0.4493062496185303,386.9843611460305
HLA-B*07:02,FPVRPQVPT,380.0,=,quantitative,Sette - purified MHC/competitive/radioactivity,9,0.4509895585125484,0.5659030079841614,109.59954330069753
HLA-B*07:02,FSDVSHWWQ,20000.0,=,quantitative,Buus - purified MHC/direct/fluorescence,9,0.08468664586171759,0.10041692107915878,16869.95422822029
HLA-B*07:02,FVMPIFEQI,5000.0,=,quantitative,Buus - purified MHC/competitive/fluorescence,9,0.21281259490425355,0.1680850237607956,8112.290970958192
HLA-B*07:02,GLIVLPFYK,20000.0,=,quantitative,Buus - purified MHC/direct/fluorescence,9,0.08468664586171759,0.10028326511383057,16894.36798834635
HLA-B*07:02,GLPMNTGWV,4663.33,=,quantitative,Buus - purified MHC/direct/fluorescence,9,0.21925525254371725,0.2677057087421417,2760.7616211866703
HLA-B*07:02,GLPVEYLQVPS,16025.657353,=,quantitative,kim2014,11,0.1051622272735625,0.11371301114559174,14609.520960820199
HLA-B*07:02,GPATNRDYL,10.4,=,quantitative,Buus - purified MHC/direct/fluorescence,9,0.7835624959596883,0.696040689945221,26.809930026719545
HLA-B*07:02,GPKLGVCAT,914.339557323,=,quantitative,kim2014,9,0.3698390271818678,0.22082994878292084,4584.549845391385
HLA-B*07:02,GPMPVTHSSA,7.21,=,quantitative,Sette - purified MHC/competitive/radioactivity,10,0.8174205700551905,0.651559054851532,43.382397519127885
HLA-B*07:02,GPVTAQVVL,1667.0,=,quantitative,Sette - purified MHC/competitive/radioactivity,9,0.31433152438620937,0.6719214916229248,34.8041530619322
HLA-B*07:02,GQFDSMLAK,20000.0,=,quantitative,Buus - purified MHC/competitive/fluorescence,9,0.08468664586171759,0.09986162930727005,16971.61626510043
HLA-B*07:02,GQQRSTLERTSKASL,3336.790802,=,quantitative,kim2014,15,0.2501912171310352,0.13704165816307068,11350.509676932239
HLA-B*07:02,GSSDFQVHFLK,20000.0,=,quantitative, - purified MHC/competitive/fluorescence,11,0.08468664586171759,0.12161040306091309,13413.013698856046
HLA-B*07:02,GSVVASQIF,20000.0,=,quantitative,Buus - purified MHC/direct/fluorescence,9,0.08468664586171759,0.10207892954349518,16569.300575494657
HLA-B*07:02,GTITGGVCYY,34197.417244,=,quantitative,kim2014,10,0.03510911900477032,0.11250074207782745,14802.408726447486
HLA-B*07:02,GTSGLELTF,47231.620327,=,quantitative,kim2014,9,0.005264379126344809,0.09263771772384644,18351.355461464907
HLA-B*07:02,HEGDIVPLF,20000.0,=,quantitative,Buus - purified MHC/direct/fluorescence,9,0.08468664586171759,0.10070596635341644,16817.27744959672
HLA-B*07:02,HPALVFDIT,160.0,=,quantitative,Sette - purified MHC/competitive/radioactivity,9,0.5309355070106743,0.35176727175712585,1111.7986589108627
HLA-B*07:02,HPDMDSMMI,806.0,=,quantitative,Sette - purified MHC/competitive/radioactivity,9,0.3814952980922963,0.4112224876880646,584.3161225209948
HLA-B*07:02,HPEIVIYQY,14060.705124,=,quantitative,kim2014,9,0.11725184526786625,0.1646074503660202,8423.343911140812
HLA-B*07:02,HPRQFLAFL,1.5,=,quantitative,Buus - purified MHC/direct/fluorescence,9,0.9625255622204032,0.8622174263000488,4.440544032982169
HLA-B*07:02,HQFTSNPEV,5000.0,=,quantitative,Buus - purified MHC/competitive/fluorescence,9,0.21281259490425355,0.08534374088048935,19858.311823243006
HLA-B*07:02,HSIPTLRDY,20000.0,=,quantitative,Buus - purified MHC/direct/fluorescence,9,0.08468664586171759,0.10890988260507584,15388.834633439263
HLA-B*07:02,HTQGYFPDWQ,46952.3621864,=,quantitative,kim2014,10,0.00581245627932736,0.10018156468868256,16912.968378121397
HLA-B*07:02,HVDIPLQAY,20000.0,=,quantitative,Buus - purified MHC/direct/fluorescence,9,0.08468664586171759,0.10550281405448914,15966.71030727387
HLA-B*07:02,IEFIEVVRL,20000.0,=,quantitative,Buus - purified MHC/direct/fluorescence,9,0.08468664586171759,0.07827457785606384,21436.807639817776
HLA-B*07:02,IFLKPEETF,20000.0,=,quantitative,Buus - purified MHC/direct/fluorescence,9,0.08468664586171759,0.1023278757929802,16524.730500858648
HLA-B*07:02,IHIPGDTLF,5000.0,=,quantitative,Buus - purified MHC/competitive/fluorescence,9,0.21281259490425355,0.10624390840530396,15839.193543202302
HLA-B*07:02,ILGPPGSVY,33130.0,=,quantitative,Buus - purified MHC/direct/fluorescence,9,0.03803994668812893,0.11313818395137787,14700.668068274532
HLA-B*07:02,ILNHKFCNL,20000.0,=,quantitative,Buus - purified MHC/direct/fluorescence,9,0.08468664586171759,0.13417206704616547,11708.45216230079
HLA-B*07:02,ILQEMSETY,20000.0,=,quantitative,Buus - purified MHC/direct/fluorescence,9,0.08468664586171759,0.08852238953113556,19186.95032720638
HLA-B*07:02,ILRHPGFTL,13.1,=,quantitative,Sette - purified MHC/competitive/radioactivity,9,0.7622305963594593,0.6664602756500244,36.92267520475731
HLA-B*07:02,ILYKRETTR,3546.2980986,=,quantitative,kim2014,9,0.2445631200191144,0.1054677739739418,15972.764848374667
HLA-B*07:02,IPELKHGLL,2.23,=,quantitative,Sette - purified MHC/competitive/radioactivity,9,0.9258763382769504,0.7240289449691772,19.805221763261287
HLA-B*07:02,IPKQKVAGPL,42.4,=,quantitative,Sette - purified MHC/competitive/radioactivity,10,0.6536760491999172,0.49711874127388,230.68744048530058
HLA-B*07:02,IPSINVHHY,42313.3,=,quantitative,Buus - purified MHC/direct/fluorescence,9,0.015427446256685571,0.20183978974819183,5630.291580910277
HLA-B*07:02,IPVRRGYTT,1060.0,=,quantitative,kim2014,9,0.3561768084339461,0.5412656664848328,143.07998078292846
HLA-B*07:02,IRYLGVLLY,20000.0,=,quantitative,Buus - purified MHC/direct/fluorescence,9,0.08468664586171759,0.09708976745605469,17488.32032074007
HLA-B*07:02,ITLWQRPIV,9558.212092,=,quantitative,kim2014,9,0.1529257136354203,0.156355619430542,9210.000178681681
HLA-B*07:02,ITLYEYDHF,20000.0,=,quantitative,Buus - purified MHC/direct/fluorescence,9,0.08468664586171759,0.07643743604421616,21867.180266447092
HLA-B*07:02,KHDEEFCDM,20000.0,=,quantitative,Buus - purified MHC/direct/fluorescence,9,0.08468664586171759,0.09034788608551025,18811.697983946968
HLA-B*07:02,KIGVICSSY,20000.0,=,quantitative,Buus - purified MHC/direct/fluorescence,9,0.08468664586171759,0.10452719032764435,16136.14814108079
HLA-B*07:02,KLAQVRRAM,6.0,=,quantitative,Buus - purified MHC/direct/fluorescence,9,0.8343996131778673,0.5189486145973206,182.15706938065136
HLA-B*07:02,KLMPICMDV,20035.0,=,quantitative,Buus - purified MHC/direct/fluorescence,9,0.08452504638267501,0.1011243388056755,16741.322768913506
HLA-B*07:02,KMVGTVQRV,20000.0,=,quantitative,Buus - purified MHC/direct/fluorescence,9,0.08468664586171759,0.10999709367752075,15208.870450557912
HLA-B*07:02,KPAMSTYSDI,161.0,=,quantitative,Sette - purified MHC/competitive/radioactivity,10,0.5303596588198094,0.4403635263442993,426.2996764609029
HLA-B*07:02,KPNTWCLRCL,339.0,=,quantitative,Sette - purified MHC/competitive/radioactivity,10,0.4615416365994428,0.565315306186676,110.29868572018114
HLA-B*07:02,KQIGGTLFE,5000.0,=,quantitative,Buus - purified MHC/competitive/fluorescence,9,0.21281259490425355,0.10133861750364304,16702.553841807698
HLA-B*07:02,KSAQFPFHF,20000.0,=,quantitative,Buus - purified MHC/direct/fluorescence,9,0.08468664586171759,0.1343667209148407,11683.818803606046
HLA-B*07:02,KSFKDILPK,50000.0,=,quantitative,McLeod - purified MHC/competitive/radioactivity,9,0.0,0.09518899023532867,17851.708821936856
HLA-B*07:02,KVMVICYAY,20000.0,=,quantitative,Buus - purified MHC/direct/fluorescence,9,0.08468664586171759,0.11388268321752548,14582.725198340431
HLA-B*07:02,KVPGVKTVW,22559.55848,=,quantitative,kim2014,9,0.07355641945625724,0.10921724885702133,15337.741995831984
HLA-B*07:02,KYKLKHIVW,48257.86853,=,quantitative,kim2014,9,0.003277711581956222,0.08392392098903656,20165.733197465728
HLA-B*07:02,LAGTFTWTL,4407.744494,=,quantitative,kim2014,9,0.22446484905452654,0.21752715110778809,4751.343687406964
HLA-B*07:02,LLKTRFRGL,20000.0,=,quantitative,Buus - purified MHC/direct/fluorescence,9,0.08468664586171759,0.23430266976356506,3962.678030951881
HLA-B*07:02,LLLAILGPL,1531.505432,=,quantitative,kim2014,9,0.32216665810211065,0.34879714250564575,1148.1078704402735
HLA-B*07:02,LLRRRPYPL,205.6,=,quantitative,Buus - purified MHC/competitive/fluorescence,9,0.5077595498186039,0.6186331510543823,61.94858399657455
HLA-B*07:02,LLTACTIFY,38000.0,=,quantitative,Sette - purified MHC/competitive/radioactivity,9,0.02536436870404124,0.09891191869974136,17146.909879284827
HLA-B*07:02,LMKAPGTYH,20000.0,=,quantitative,Buus - purified MHC/direct/fluorescence,9,0.08468664586171759,0.1547161340713501,9374.832806789947
HLA-B*07:02,LMSIVSSLH,2514.287356,=,quantitative,kim2014,9,0.2763488789593056,0.1043429896235466,16168.339726676979
HLA-B*07:02,LPAALAFHL,72.4,=,quantitative,Sette - purified MHC/competitive/radioactivity,9,0.6042242098840691,0.6035416126251221,72.93669334081939
HLA-B*07:02,LPEYGTLGL,40.1,=,quantitative,Sette - purified MHC/competitive/radioactivity,9,0.6588306860565474,0.5557599067687988,122.31250839688246
HLA-B*07:02,LPFDKATIM,4456.6,=,quantitative,Hildebrand - purified MHC/competitive/fluorescence,9,0.2234460631638706,0.40391138195991516,632.4155444052883
HLA-B*07:02,LPFDKQTIM,46451.5,=,quantitative,Hildebrand - purified MHC/competitive/fluorescence,9,0.00680367434218343,0.3688545525074005,924.1309728310015
HLA-B*07:02,LPFDKTTVM,158.5,=,quantitative,Hildebrand - purified MHC/competitive/fluorescence,9,0.5318060629193904,0.5054133534431458,210.88603270113836
HLA-B*07:02,LPFDRPTIM,7906.8,=,quantitative,Hildebrand - purified MHC/competitive/fluorescence,9,0.17045634468867776,0.4852661192417145,262.25215517996486
HLA-B*07:02,LPFDRTTVI,95.5,=,quantitative,Hildebrand - purified MHC/competitive/fluorescence,9,0.5786303445740919,0.552866518497467,126.2021685494205
HLA-B*07:02,LPHIIDEVM,154.0,=,quantitative,Sette - purified MHC/competitive/radioactivity,9,0.5344680389919689,0.4368618130683899,442.7610907704414
HLA-B*07:02,LPHLCLDYKV,8450.0,=,quantitative,Sette - purified MHC/competitive/radioactivity,10,0.1643154339512387,0.3961382806301117,687.9044297415011
HLA-B*07:02,LPIFSEFVL,217.0,=,quantitative,Sette - purified MHC/competitive/radioactivity,9,0.5027719411503927,0.6917799115180969,28.074818061983958
HLA-B*07:02,LPIRYQTPAV,26.7,=,quantitative,Sette - purified MHC/competitive/radioactivity,10,0.6964204368088649,0.6943511962890625,27.30452089547716
HLA-B*07:02,LPKSMVFTA,1870.0,=,quantitative,Sette - purified MHC/competitive/radioactivity,9,0.3037108975972657,0.3418092429637909,1238.279332646902
HLA-B*07:02,LPLEFGASA,1030.0,=,quantitative,Sette - purified MHC/competitive/radioactivity,9,0.3588302921863624,0.4662701189517975,322.09256613666383
HLA-B*07:02,LPPNLAAST,6559.188361,=,quantitative,kim2014,9,0.18772622526939295,0.23613028228282928,3885.0882723718455
HLA-B*07:02,LPSGLFQASA,317.0,=,quantitative,kim2014,10,0.4677430883981223,0.4143701493740082,564.7511211187723
HLA-B*07:02,LPTSIVVPI,124.0,=,quantitative,Sette - purified MHC/competitive/radioactivity,9,0.5544934989517893,0.6359511613845825,51.36349563608471
HLA-B*07:02,LPVCAFSSA,115.0,=,quantitative,Sette - purified MHC/competitive/radioactivity,9,0.5614575452807565,0.5056705474853516,210.29999851817644
HLA-B*07:02,LPVEYLQVP,6933.793343,=,quantitative,kim2014,9,0.1825930171682335,0.14368101954460144,10563.727830947895
HLA-B*07:02,LPYVGDTSMM,828.0,=,quantitative,Sette - purified MHC/competitive/radioactivity,10,0.3790063920194766,0.5688586831092834,106.1500286453204
HLA-B*07:02,LQRKYGGAL,967.0,=,quantitative,Sette - purified MHC/competitive/radioactivity,9,0.3646636451545399,0.533332884311676,155.90310997242014
HLA-B*07:02,LSSIGIPAY,20000.0,=,quantitative,Buus - purified MHC/direct/fluorescence,9,0.08468664586171759,0.1101200059056282,15188.657874596343
HLA-B*07:02,LYTVKYPNL,49423.35438500001,=,quantitative,kim2014,9,0.0010721044198489516,0.12980784475803375,12274.5855034296
HLA-B*07:02,MALMKLAAL,53.280076,=,quantitative,kim2014,9,0.6325652570546898,0.39866647124290466,669.3422114230646
HLA-B*07:02,MEIYIWDHD,20000.0,=,quantitative,Buus - purified MHC/direct/fluorescence,9,0.08468664586171759,0.10027924925088882,16895.102077197866
HLA-B*07:02,MGQLTWSDL,10124.690681,=,quantitative,kim2014,9,0.14760431322590095,0.22856146097183228,4216.640299285634
HLA-B*07:02,MMAWRMMRY,20000.0,=,quantitative,Buus - purified MHC/direct/fluorescence,9,0.08468664586171759,0.11704032123088837,14092.921913220254
HLA-B*07:02,MPCMINDTHF,973.0,=,quantitative,Sette - purified MHC/competitive/radioactivity,10,0.3640919525957725,0.38408637046813965,783.7177273552492
HLA-B*07:02,MPDCGMSVL,100.0,=,quantitative,Sette - purified MHC/competitive/radioactivity,9,0.5743748101914927,0.5558412671089172,122.20488397073484
HLA-B*07:02,MPEKRNVVV,1.8,=,quantitative,Sette - purified MHC/competitive/radioactivity,9,0.945674795781256,0.6525030136108398,42.94156969097791
HLA-B*07:02,MPGVLSYVV,1030.0,=,quantitative,Sette - purified MHC/competitive/radioactivity,9,0.3588302921863624,0.3967110216617584,683.6547146670218
HLA-B*07:02,MPILTLTRA,4080.0,=,quantitative,Sette - purified MHC/competitive/radioactivity,9,0.23160604137542706,0.49263685941696167,242.1498358081467
HLA-B*07:02,MPKDGLKVL,802.0,=,quantitative,Sette - purified MHC/competitive/radioactivity,9,0.3819551166310257,0.6292484402656555,55.226873574074794
HLA-B*07:02,MPVTVASAAQ,446.0,=,quantitative,Sette - purified MHC/competitive/radioactivity,10,0.436188173947175,0.3448479175567627,1198.2294340914298
HLA-B*07:02,MSSAAHLLY,20000.0,=,quantitative,Buus - purified MHC/competitive/fluorescence,9,0.08468664586171759,0.09015409648418427,18851.182990432462
HLA-B*07:02,MTFPLHFRS,5000.0,=,quantitative,Buus - purified MHC/competitive/fluorescence,9,0.21281259490425355,0.10175656527280807,16627.19370792296
HLA-B*07:02,MTMRRRLFK,20000.0,=,quantitative,Buus - purified MHC/direct/fluorescence,9,0.08468664586171759,0.1135358214378357,14637.556518549005
HLA-B*07:02,MVRVLTVIKEY,20000.0,=,quantitative, - purified MHC/competitive/fluorescence,11,0.08468664586171759,0.2223348319530487,4510.506344834529
HLA-B*07:02,NPFMIEGLM,7700.0,=,quantitative,Sette - purified MHC/competitive/radioactivity,9,0.17290582370472973,0.3684895932674408,927.7873753502328
HLA-B*07:02,NPGTFNRGLL,27.9,=,quantitative,kim2014,10,0.6923572182968496,0.4430650472640991,414.01934816898194
HLA-B*07:02,NPIQLSSYSL,416.0,=,quantitative,Sette - purified MHC/competitive/radioactivity,10,0.4426239520128986,0.561373233795166,115.10495449593024
HLA-B*07:02,NPKLRNCRI,1645.0,=,quantitative,Buus - purified MHC/direct/fluorescence,9,0.3155593886919377,0.44663363695144653,398.3381860739958
HLA-B*07:02,NPRLCTREEF,44.6,=,quantitative,Sette - purified MHC/competitive/radioactivity,10,0.6490007688514285,0.7755076885223389,11.347041359143912
HLA-B*07:02,NSDPNTPDK,20000.0,=,quantitative,Buus - purified MHC/direct/fluorescence,9,0.08468664586171759,0.0917409136891365,18530.28942983872
HLA-B*07:02,PHPVVVRTL,20000.0,=,quantitative,Buus - purified MHC/direct/fluorescence,9,0.08468664586171759,0.12357625365257263,13130.730722880637
HLA-B*07:02,PIQKETWDTW,10084.223786,=,quantitative,kim2014,10,0.14797445586014954,0.11358851939439774,14629.212852479963
HLA-B*07:02,PPEVERAVL,156.0,=,quantitative,Sette - purified MHC/competitive/radioactivity,9,0.5332754632758381,0.4092964231967926,596.620798278916
HLA-B*07:02,PPFGESNIV,11301.356608,=,quantitative,kim2014,9,0.13744276398464805,0.14826051890850067,10053.05996716094
HLA-B*07:02,PPKYTPRPA,20000.0,=,quantitative,Buus - purified MHC/competitive/fluorescence,9,0.08468664586171759,0.24181760847568512,3653.224113462788
HLA-B*07:02,PPSLPSPSRL,5778.761688000001,=,quantitative,kim2014,10,0.19943417783673775,0.2951492667198181,2051.504402140781
HLA-B*07:02,PYIACRTSI,549.762202,=,quantitative,kim2014,9,0.4168562738644074,0.12511980533599854,12913.256930445188
HLA-B*07:02,QLQCHQIAI,6714.0,=,quantitative,Buus - purified MHC/direct/fluorescence,9,0.18557017104160897,0.12298493087291718,13215.010215243938
HLA-B*07:02,QPFILYAHI,25000.0,=,quantitative,Sette - purified MHC/competitive/radioactivity,9,0.06406297452126808,0.21121887862682343,5086.965934324303
HLA-B*07:02,QPFPQPQLPY,552.0,=,quantitative,Sette - purified MHC/competitive/radioactivity,10,0.4164808297990733,0.1500888168811798,9856.146628932414
HLA-B*07:02,QPHQLWTTL,3.43,=,quantitative,Sette - purified MHC/competitive/radioactivity,9,0.8860826692767091,0.5012727379798889,220.54867072658178
HLA-B*07:02,QPHWIAASII,47.5,=,quantitative,Sette - purified MHC/competitive/radioactivity,10,0.6431784820763525,0.5453393459320068,136.91050602234654
HLA-B*07:02,QPKKVKRRL,2895.0,=,quantitative,Sette - purified MHC/competitive/radioactivity,9,0.2633175855838225,0.40947088599205017,595.4956500431612
HLA-B*07:02,QSSINISGY,11261.604967,=,quantitative,kim2014,9,0.13776842895090213,0.07853876799345016,21375.618477161574
HLA-B*07:02,QSVGHMMVI,34453.0,=,quantitative,K.Nair - purified MHC/competitive/fluorescence,9,0.034420939065634926,0.1150604784488678,14398.069560737596
HLA-B*07:02,QVGIFLICK,20000.0,=,quantitative,Buus - purified MHC/direct/fluorescence,9,0.08468664586171759,0.09601693600416183,17692.503986950498
HLA-B*07:02,RARKRGITL,1.0,=,quantitative,kim2014,9,1.0,0.7678082585334778,12.332809648459207
HLA-B*07:02,RDITAFEGL,20000.0,=,quantitative,Buus - purified MHC/direct/fluorescence,9,0.08468664586171759,0.11610828340053558,14235.760188100005
HLA-B*07:02,RIGGVLIFR,20000.0,=,quantitative,Buus - purified MHC/direct/fluorescence,9,0.08468664586171759,0.12359461188316345,13128.122798793907
HLA-B*07:02,RIKTRLFTI,1634.1,=,quantitative,Buus - purified MHC/competitive/fluorescence,9,0.3161738366008484,0.32027092576026917,1563.2431378070594
HLA-B*07:02,RLLLNRSTM,335.3993490000001,=,quantitative,kim2014,9,0.4625285513659515,0.5407503843307495,143.87991365972442
HLA-B*07:02,RMIESRMSK,20000.0,=,quantitative,Buus - purified MHC/direct/fluorescence,9,0.08468664586171759,0.11734170466661453,14047.04112366201
HLA-B*07:02,RMRGAHTNDV,12715.547032,=,quantitative,kim2014,10,0.12654580795620873,0.33084380626678467,1394.2635780584433
HLA-B*07:02,RPADKIQML,21.0,=,quantitative,Mishto - purified MHC/competitive/radioactivity,9,0.7186150808552025,0.6700572371482849,35.51330946058886
HLA-B*07:02,RPDTRHLRV,15.0,=,quantitative,Sette - purified MHC/competitive/radioactivity,9,0.7497129673161498,0.7823439836502075,10.538021786132397
HLA-B*07:02,RPLEVGGSQ,73.44653199999998,=,quantitative,kim2014,9,0.6028978068891819,0.31079310178756714,1732.0584414757195
HLA-B*07:02,RPLTQQRPL,1.11022,=,quantitative,kim2014,9,0.9903363829520956,0.8237115144729614,6.735569250325219
HLA-B*07:02,RPMFAVGLLF,10.5,=,quantitative,Sette - purified MHC/competitive/radioactivity,10,0.7826780553764706,0.8471294641494751,5.2279817457363675
HLA-B*07:02,RPSVNGGRI,347.97,=,quantitative,Peters<sup>2</sup> - purified MHC/competitive/radioactivity,9,0.4591278938133199,0.6373986005783081,50.56535951870456
HLA-B*07:02,RPTPKGAVM,1.22,=,quantitative,Sette - purified MHC/competitive/radioactivity,9,0.9816215403386148,0.9089977145195007,2.6768066947472433
HLA-B*07:02,RRGKANKPR,20000.0,=,quantitative,Buus - purified MHC/direct/fluorescence,9,0.08468664586171759,0.11105291545391083,15036.116629855806
HLA-B*07:02,RRMGGLRKY,20000.0,=,quantitative,Buus - purified MHC/direct/fluorescence,9,0.08468664586171759,0.1264563649892807,12727.858497961633
HLA-B*07:02,RRNRKALWL,6893.0,=,quantitative,Buus - purified MHC/direct/fluorescence,9,0.1831383739516832,0.17946922779083252,7172.152020141634
HLA-B*07:02,RTRGGVAAA,2.5,=,quantitative,Buus - purified MHC/direct/fluorescence,9,0.9153133541382824,0.534280002117157,154.31363460272
HLA-B*07:02,RVEESRARL,38.0,=,quantitative,kim2014,9,0.6638021534168019,0.540729820728302,143.91192958398366
HLA-B*07:02,RVIDPRRCM,1150.0,=,quantitative,Sette - purified MHC/competitive/radioactivity,9,0.3486449503765029,0.5813413262367249,92.73945728716166
HLA-B*07:02,RVKQHMASM,6.3,=,quantitative,Buus - purified MHC/direct/fluorescence,9,0.8298902634585914,0.5976041555404663,77.7760715008397
HLA-B*07:02,RVRALAWLL,413.42,=,quantitative, - purified MHC/competitive/radioactivity,9,0.4431989392932884,0.7475411295890808,15.356656124304756
HLA-B*07:02,RVRQQVIQL,22.0,=,quantitative,kim2014,9,0.7143155458359016,0.7238823175430298,19.836667214177908
HLA-B*07:02,SDDQLRLLK,20000.0,=,quantitative,Buus - purified MHC/direct/fluorescence,9,0.08468664586171759,0.09477520734071732,17931.810797765193
HLA-B*07:02,SEHFSLLFL,4000.0,=,quantitative,Buus - purified MHC/competitive/fluorescence,9,0.23343626624470304,0.09904937446117401,17121.427248346823
HLA-B*07:02,SESTIDIIL,20000.0,=,quantitative,Buus - purified MHC/direct/fluorescence,9,0.08468664586171759,0.09346291422843933,18188.235712529393
HLA-B*07:02,SEVKFKYVL,20000.0,=,quantitative,Buus - purified MHC/direct/fluorescence,9,0.08468664586171759,0.08624070882797241,19666.5191983222
HLA-B*07:02,SHAKVLVTF,20000.0,=,quantitative,Buus - purified MHC/direct/fluorescence,9,0.08468664586171759,0.09920809417963028,17092.04964556151
HLA-B*07:02,SHYSHNPKL,20000.0,=,quantitative,Buus - purified MHC/direct/fluorescence,9,0.08468664586171759,0.11077053844928741,15082.12607370468
HLA-B*07:02,SIFLHLVKI,17299.361451,=,quantitative,kim2014,9,0.0980938229096332,0.11587084084749222,14272.379954133596
HLA-B*07:02,SLYKYLLLR,20000.0,=,quantitative,Buus - purified MHC/direct/fluorescence,9,0.08468664586171759,0.10396890342235565,16233.9141805821
HLA-B*07:02,SPAIFQYTM,4.3073,=,quantitative,kim2014,9,0.8650331624815379,0.6327977776527405,53.146201321998994
HLA-B*07:02,SPETQQMII,408.0,=,quantitative,Sette - purified MHC/competitive/radioactivity,9,0.4444186362796807,0.38894617557525635,743.5729663701471
HLA-B*07:02,SPGDNSAKF,1958.7,=,quantitative,Buus - purified MHC/direct/fluorescence,9,0.2994277638958258,0.5564717650413513,121.37405795364698
HLA-B*07:02,SPIIDKKGKV,582.0,=,quantitative,Sette - purified MHC/competitive/radioactivity,10,0.4115895649262433,0.3373143970966339,1299.9892779504294
HLA-B*07:02,SPKFTTSLSL,8.39,=,quantitative,Sette - purified MHC/competitive/radioactivity,10,0.8034118200422028,0.6505373120307922,43.8646520168495
HLA-B*07:02,SPKTPDYPLI,270.74874900000003,=,quantitative,kim2014,10,0.4823192196606924,0.34485214948654175,1198.1745701688308
HLA-B*07:02,SPLFLIVAAL,248.0,=,quantitative,Sette - purified MHC/competitive/radioactivity,10,0.4904305244305213,0.6428301930427551,47.679337176601265
HLA-B*07:02,SPMEVMLRA,47.27,=,quantitative,Peters<sup>2</sup> - purified MHC/competitive/radioactivity,9,0.6436270925846144,0.48040157556533813,276.425058846324
HLA-B*07:02,SPQECNNMHL,387.0,=,quantitative,Sette - purified MHC/competitive/radioactivity,10,0.4493025146721352,0.45168569684028625,377.14856836371524
HLA-B*07:02,SPRPEMQEF,29.5,=,quantitative,Sette - purified MHC/competitive/radioactivity,9,0.6872033627322858,0.6384446620941162,49.99627955135212
HLA-B*07:02,SPRTLRRAF,1.5,=,quantitative,Buus - purified MHC/direct/fluorescence,9,0.9625255622204032,0.9570677280426025,1.5912464880125956
HLA-B*07:02,SPRWYFYYL,2.86,=,quantitative,Sette - purified MHC/competitive/radioactivity,9,0.9028795602636478,0.8089977502822876,7.897940219512014
HLA-B*07:02,SPSCPLERF,833.0,=,quantitative,Sette - purified MHC/competitive/radioactivity,9,0.3784499584564841,0.5192341208457947,181.59523360569884
HLA-B*07:02,SQIETGTPF,20000.0,=,quantitative,Buus - purified MHC/direct/fluorescence,9,0.08468664586171759,0.16588638722896576,8307.586015987066
HLA-B*07:02,SRIGAWASK,20000.0,=,quantitative,Buus - purified MHC/direct/fluorescence,9,0.08468664586171759,0.11113838851451874,15022.217663605777
HLA-B*07:02,SSSGMDAYY,20000.0,=,quantitative,Buus - purified MHC/direct/fluorescence,9,0.08468664586171759,0.07135284692049026,23103.890465964458
HLA-B*07:02,STMPLSWMY,20000.0,=,quantitative,Buus - purified MHC/direct/fluorescence,9,0.08468664586171759,0.08982042223215103,18919.364068628387
HLA-B*07:02,STSAYLVSI,6292.756906000001,=,quantitative,kim2014,9,0.19155879874973455,0.11655561625957489,14167.024980686405
HLA-B*07:02,SYLNETHFS,9668.425361,=,quantitative,kim2014,9,0.15186610146427348,0.08967290073633194,18949.586322465395
HLA-B*07:02,TALGMSLNF,104.701571,=,quantitative,kim2014,9,0.5701285183226865,0.12086103856563568,13522.207919331073
HLA-B*07:02,TIKRRIRQL,20000.0,=,quantitative,Buus - purified MHC/direct/fluorescence,9,0.08468664586171759,0.3011268675327301,1923.0203774435674
HLA-B*07:02,TLMSIVSSL,218.705069,=,quantitative,kim2014,9,0.5020485666470385,0.3336324691772461,1352.8231896904092
HLA-B*07:02,TMFEALPHI,18938.926669,=,quantitative,kim2014,9,0.08972490598427207,0.09221354126930237,18435.77248670477
HLA-B*07:02,TMLYNKMEF,20000.0,=,quantitative,Buus - purified MHC/direct/fluorescence,9,0.08468664586171759,0.10537955164909363,15988.01886625585
HLA-B*07:02,TPALATRGF,318.0,=,quantitative,kim2014,9,0.4674519910373349,0.5758805871009827,98.38398273070841
HLA-B*07:02,TPDYPLIDII,9049.711376,=,quantitative,kim2014,10,0.15797829636143368,0.22516627609729767,4374.419480915767
HLA-B*07:02,TPEGIIPAL,1210.0,=,quantitative,Sette - purified MHC/competitive/radioactivity,9,0.3439444458100859,0.4833277761936188,267.81030354643656
HLA-B*07:02,TPHSGEEHAV,162.0,=,quantitative,Sette - purified MHC/competitive/radioactivity,10,0.5297873762752732,0.5208641886711121,178.42052191743932
HLA-B*07:02,TPKQKRKMA,19429.820386000007,=,quantitative,kim2014,9,0.08735982950796284,0.2945767343044281,2064.2522463040277
HLA-B*07:02,TPNNFSSIV,1370.0,=,quantitative,Sette - purified MHC/competitive/radioactivity,9,0.332466356613903,0.35400304198265076,1085.2263461178666
HLA-B*07:02,TPNNLNKIQL,64.9,=,quantitative,Sette - purified MHC/competitive/radioactivity,10,0.614331503472441,0.4365302324295044,444.3524061157625
HLA-B*07:02,TPQVPLRPM,8.539891,=,quantitative,kim2014,9,0.8017752131443163,0.7485334277153015,15.192662150929749
HLA-B*07:02,TPRRGTGTT,3.24,=,quantitative,Sette - purified MHC/competitive/radioactivity,9,0.8913495915625123,0.5369572639465332,149.9076953435002
HLA-B*07:02,TPRRGTGTTG,3.28,=,quantitative,Sette - purified MHC/competitive/radioactivity,10,0.8902155486764862,0.5809352993965149,93.14776911261492
HLA-B*07:02,TPRSPSVEV,2.58,=,quantitative,Sette - purified MHC/competitive/radioactivity,9,0.9124021422602392,0.7129117250442505,22.336709324336542
HLA-B*07:02,TPSMAMRCVG,405.0,=,quantitative,Sette - purified MHC/competitive/radioactivity,10,0.4451007304135556,0.48741957545280457,256.21233813762547
HLA-B*07:02,TPTQLAETI,1800.0,=,quantitative,Sette - purified MHC/competitive/radioactivity,9,0.3072370110684952,0.3619460463523865,995.8556446185734
HLA-B*07:02,TPYAGEPAPF,31.0,=,quantitative,Sette - purified MHC/competitive/radioactivity,10,0.6826194479943255,0.5011504292488098,220.84072775408322
HLA-B*07:02,TQIQTRRSF,1343.0,=,quantitative,Buus - purified MHC/direct/fluorescence,9,0.3343060266862198,0.2132844477891922,4974.538332594714
HLA-B*07:02,TQSPVSVGF,5000.0,=,quantitative,Buus - purified MHC/competitive/fluorescence,9,0.21281259490425355,0.09004039317369461,18874.388828194507
HLA-B*07:02,TTILGLLPM,20000.0,=,quantitative,Buus - purified MHC/direct/fluorescence,9,0.08468664586171759,0.22674167156219482,4300.487512566936
HLA-B*07:02,VANNTRLWV,600.0,=,quantitative,Maeurer - purified MHC/direct/fluorescence,9,0.40877442336936,0.3382338285446167,1287.1210399000754
HLA-B*07:02,VEIPNRIVF,20000.0,=,quantitative,Buus - purified MHC/direct/fluorescence,9,0.08468664586171759,0.10853409767150879,15451.531618655747
HLA-B*07:02,VFMDNAFKK,20000.0,=,quantitative,Buus - purified MHC/direct/fluorescence,9,0.08468664586171759,0.08888465911149979,19111.89088861955
HLA-B*07:02,VLASGPGPF,9379.0,=,quantitative,Buus - purified MHC/direct/fluorescence,9,0.15467506023785016,0.393515020608902,707.7090124435566
HLA-B*07:02,VLTLLLLLV,19513.486464,=,quantitative,kim2014,9,0.08696270299088615,0.10014552623033524,16919.56450616178
HLA-B*07:02,VLWAHGFEL,6179.5,=,quantitative,Buus - purified MHC/direct/fluorescence,9,0.1932373832828912,0.3201123774051666,1565.9271173001544
HLA-B*07:02,VPASRYLTDM,13.6,=,quantitative,Sette - purified MHC/competitive/radioactivity,10,0.7587686434847991,0.6607042551040649,39.29529268202714
HLA-B*07:02,VPDADPPIPY,2020.0,=,quantitative,Sette - purified MHC/competitive/radioactivity,10,0.2965795979977358,0.2075868397951126,5290.852701465607
HLA-B*07:02,VPGSETMCY,20000.0,=,quantitative,Buus - purified MHC/competitive/fluorescence,9,0.08468664586171759,0.1891402304172516,6459.6016231583835
HLA-B*07:02,VPHAKRQDV,10.0,=,quantitative,Sette - purified MHC/competitive/radioactivity,9,0.7871874050957464,0.5952302813529968,79.79960958328081
HLA-B*07:02,VPMAGPLVAG,115.0,=,quantitative,Sette - purified MHC/competitive/radioactivity,10,0.5614575452807565,0.5415744185447693,142.60280115742415
HLA-B*07:02,VPRDRNGTF,3.0,=,quantitative,kim2014,9,0.8984625876991352,0.8739006519317627,3.9132451363060423
HLA-B*07:02,VPRPCQKSL,1.7,=,quantitative,Buus - purified MHC/direct/fluorescence,9,0.9509575670486032,0.7606028318405151,13.332761558333228
HLA-B*07:02,VPSVNEYHM,723.0,=,quantitative,Sette - purified MHC/competitive/radioactivity,9,0.3915393597626216,0.4597664773464203,345.5740464103436
HLA-B*07:02,VVFEDGLPR,20000.0,=,quantitative,Buus - purified MHC/direct/fluorescence,9,0.08468664586171759,0.11134295165538788,14989.005339631012
HLA-B*07:02,VYQFKSVEF,15829.320913,=,quantitative,kim2014,9,0.10630153418662837,0.09723984450101852,17459.945823539743
HLA-B*07:02,YHQRFVQAL,20000.0,=,quantitative,Buus - purified MHC/direct/fluorescence,9,0.08468664586171759,0.1364225447177887,11426.79822863815
HLA-B*07:02,YLKKWLNSF,7122.0,=,quantitative,Buus - purified MHC/direct/fluorescence,9,0.18011777777189253,0.17973804473876953,7151.321838104265
HLA-B*07:02,YLQQNWWTL,9913.144821,=,quantitative,kim2014,9,0.1495558713634264,0.2935086786746979,2088.2453702793205
HLA-B*07:02,YPGIKVRQL,218.530523,=,quantitative,kim2014,9,0.5021223580981274,0.540631890296936,144.0644974007696
HLA-B*07:02,YPLTFGWCF,16471.791503,=,quantitative,kim2014,9,0.10262444056216367,0.38371527194976807,786.8708396242408
HLA-B*07:02,YRSDIVGTY,20000.0,=,quantitative,Buus - purified MHC/direct/fluorescence,9,0.08468664586171759,0.07596111297607422,21980.168275447002
HLA-B*07:02,YSHYSHNPK,20000.0,=,quantitative,Buus - purified MHC/direct/fluorescence,9,0.08468664586171759,0.08936876058578491,19012.04698984437
HLA-B*07:02,YSLLNRKAI,20000.0,=,quantitative,Buus - purified MHC/direct/fluorescence,9,0.08468664586171759,0.14665544033050537,10229.172190038516
HLA-B*07:02,YTLNNGVAM,927.0,=,quantitative,Buus - purified MHC/direct/fluorescence,9,0.3685680624888866,0.4236295521259308,510.9135795688142
HLA-B*07:02,YVWLGARFL,495.606105,=,quantitative,kim2014,9,0.4264409764271533,0.4403844475746155,426.2031888769501
