allele,peptide,Quantitative measurement,Normalized_QM,netmhcpan_ba_BAV,ann_BAV,smmpmbec_BAV,smm_BAV,mhcflurry_BAV,netmhcpan_ba_BAV_Normalized,mhcflurry_BAV_Normalized,VTAPERNet_BAV_Normalized,VTAPERNet_BAV
HLA-B_2704,QRSYVSGVL,5000.0,0.21281259490425355,6764.91,,,,118.78,0.1848719996920264,0.5584684901102765,0.12100085616111755,13501.767050941691
HLA-B_2704,SRRTSRPNR,10000.0,0.14874962038298545,21932.92,,,,316.22,0.07615999877877977,0.4679707825273848,0.14980550110340118,9886.406153097443
HLA-B_2704,GQYGNPLNK,10000.0,0.14874962038298545,23016.77,,,,196.2,0.0717020168397059,0.5120847758278261,0.12076253443956375,13536.627473992214
HLA-B_2704,SRYWAIRTR,18000.0,0.09442441616424167,5752.95,,,,126.58,0.19984792496330614,0.5525902294761298,0.11780236661434174,13977.20121125673
HLA-B_2704,RRRWRRLTV,800.0,0.3821858866276886,674.09,,,,95.9,0.3980132067456604,0.5782440395784774,0.3794008493423462,824.4736754622808
HLA-B_2704,SRSALLAQM,15000.0,0.11127518260338888,3347.47,,,,64.01,0.24989589414163824,0.6156077128542939,0.148442342877388,10033.302073425128
HLA-B_2704,KRAVGIGAL,24000.0,0.0678358794225703,5925.48,,,,72.85,0.19711691431820444,0.6036515333387031,0.09261686354875565,18355.49668355488
HLA-B_2704,RRYPDAVYL,18000.0,0.09442441616424167,3004.97,,,,55.92,0.25987181501706025,0.628095697328342,0.12855744361877441,12441.77757099924
HLA-B_2704,RRAIATPGM,9000.0,0.15848739068550965,2358.21,,,,64.53,0.2822719716128388,0.6148599238903099,0.17529188096523285,7503.7561736616135
HLA-B_2704,RRRESEKSL,32000.0,0.04124734268089891,9795.1,,,,73.92,0.15066304520695173,0.6023039184145393,0.13488411903381348,11618.593971769442
HLA-B_2704,GRRYGLIGL,11000.0,0.1399407356444089,3708.97,,,,70.06,0.24041793898263075,0.607260712181872,0.16109031438827515,8750.068421868475
HLA-B_2704,ARVGGVKRI,23000.0,0.07176938095098129,12351.97,,,,76.2,0.129226995614112,0.5994962790562595,0.09315486997365952,18248.957702396438
HLA-B_2704,ARFGGVKRI,15000.0,0.11127518260338888,5315.69,,,,65.79,0.20715398429459264,0.6130726766249921,0.11478999257087708,14440.268630937375
HLA-B_2704,GRVYGLIGL,4000.0,0.23343626624470304,3513.91,,,,66.3,0.2454110942047194,0.6123589793669775,0.22766482830047607,4257.746544078765
HLA-B_2704,GRFYGLIGL,6000.0,0.19596182846510649,1156.69,,,,59.04,0.34810884552571786,0.6230777495534887,0.21645629405975342,4806.7149847139735
HLA-B_2704,RRVESEKSL,14000.0,0.11765173392203845,9995.85,,,,60.49,0.14878798402828586,0.6208352930826787,0.1424790471792221,10702.007115610386
HLA-B_2704,RRFESEKSL,11000.0,0.1399407356444089,3493.56,,,,54.79,0.2459478985485689,0.6299824644910892,0.14863300323486328,10012.62568055648
HLA-B_2704,ARLFGIRAK,9000.0,0.15848739068550965,8209.42,,,,117.95,0.16698500491611512,0.559116584419578,0.16564983129501343,8328.876373678184
HLA-B_2704,FRYNGLIHR,10000.0,0.14874962038298545,6192.65,,,,106.49,0.1930409150342174,0.5685631478462668,0.15129177272319794,9728.69307740878
HLA-B_2704,GRIDKPILK,20000.0,0.08468664586171759,12948.06,,,,76.6,0.1248710463320023,0.5990123861412365,0.10158426314592361,16658.22021173517
HLA-B_2704,GRLTKHTKF,4000.0,0.23343626624470304,5289.98,,,,61.79,0.2076020858504909,0.618870051615143,0.2310866266489029,4102.993956838005
HLA-B_2704,KRFEGLTQR,20000.0,0.08468664586171759,10457.74,,,,72.45,0.14461300316808667,0.6041604036436016,0.0968308225274086,17537.386517939198
HLA-B_2704,KRGILTLKY,2000.0,0.2974992407659711,4677.84,,,,76.62,0.21896812284179976,0.5989882578717752,0.2912810444831848,2139.18878699137
HLA-B_2704,KRKKAYADF,5000.0,0.21281259490425355,9168.01,,,,124.37,0.1567779588561481,0.554218130272109,0.22373798489570618,4442.545909073079
HLA-B_2704,KRYKSIVKY,4000.0,0.23343626624470304,3066.02,,,,53.76,0.2580129304373029,0.6317364744935654,0.21987617015838623,4632.105861023104
HLA-B_2704,RRIKEIVKK,10000.0,0.14874962038298545,10199.6,,,,70.65,0.14692302002931412,0.6064856416452347,0.08109893649816513,20791.629824135383
HLA-B_2704,RRISGVDRY,5000.0,0.21281259490425355,3040.68,,,,61.23,0.2587799636197147,0.6197114989483239,0.21453304588794708,4907.786444769462
HLA-B_2704,RRSKEITVR,10000.0,0.14874962038298545,15556.23,,,,86.64,0.10790995649461543,0.5876291098199784,0.1509450078010559,9765.262912039158
HLA-B_2704,RRWLPAGDA,5000.0,0.21281259490425355,4172.59,,,,165.79,0.2295320656323411,0.5276500319220796,0.2212975174188614,4561.415226506508
HLA-B_2704,RRYQKSTEL,1000.0,0.3615622152872392,850.09,,,,50.77,0.3765729713749113,0.6370253136685827,0.32298117876052856,1518.067677331159
